latitude,longitude,bright_ti4,scan,track,acq_date,acq_time,satellite,instrument,confidence,version,bright_ti5,frp,daynight,type
39.25903,27.73711,318.48,0.53,0.42,2021-08-16,24,N,VIIRS,n,2,290.73,1.96,N,0
40.44468,27.13949,322.98,0.48,0.4,2021-08-16,24,N,VIIRS,n,2,295.28,1.57,N,2
40.44577,27.13402,307.27,0.48,0.4,2021-08-16,24,N,VIIRS,n,2,294.95,1.57,N,2
41.02122,28.55778,315.23,0.53,0.42,2021-08-16,24,N,VIIRS,n,2,293.07,1.98,N,2
41.04222,20.36642,302.49,0.41,0.37,2021-08-16,24,N,VIIRS,n,2,288.36,0.75,N,0
41.05497,20.34994,300.37,0.41,0.37,2021-08-16,24,N,VIIRS,n,2,286.05,0.47,N,0
41.42103,21.93373,311.47,0.39,0.36,2021-08-16,24,N,VIIRS,n,2,293.11,0.9,N,2
41.43686,21.94267,305.72,0.39,0.36,2021-08-16,24,N,VIIRS,n,2,291.75,0.88,N,2
41.44017,21.94354,308.47,0.39,0.36,2021-08-16,24,N,VIIRS,n,2,293.54,0.88,N,2
41.44416,21.9398,327.41,0.39,0.36,2021-08-16,24,N,VIIRS,n,2,300.54,23.82,N,2
41.44484,21.93517,300.27,0.39,0.36,2021-08-16,24,N,VIIRS,n,2,289.89,23.82,N,2
37.91768,23.07061,308.11,0.39,0.36,2021-08-16,25,N,VIIRS,n,2,298,1.69,N,2
38.12943,23.52283,317.42,0.4,0.37,2021-08-16,25,N,VIIRS,n,2,293.53,0.98,N,2
38.37365,24.06218,310.3,0.41,0.37,2021-08-16,25,N,VIIRS,n,2,295.67,1.22,N,2
38.42742,27.21871,310.92,0.52,0.42,2021-08-16,25,N,VIIRS,n,2,295.93,1.47,N,2
38.73574,26.94266,306.86,0.5,0.41,2021-08-16,25,N,VIIRS,n,2,296.51,2.18,N,2
38.74193,26.95087,320.95,0.5,0.41,2021-08-16,25,N,VIIRS,n,2,295.71,1.86,N,2
39.35339,22.98244,305.53,0.39,0.36,2021-08-16,25,N,VIIRS,n,2,293.71,1.66,N,2
40.28999,19.77282,315.81,0.42,0.37,2021-08-16,25,N,VIIRS,n,2,292.98,1.66,N,0
40.62103,26.1566,331.57,0.55,0.68,2021-08-16,1007,N,VIIRS,n,2,301.03,3.87,D,0
41.11462,27.70468,351.6,0.45,0.63,2021-08-16,1007,N,VIIRS,n,2,303.98,5.25,D,0
37.5456,28.31615,334.1,0.33,0.55,2021-08-16,1146,N,VIIRS,l,2,308.57,1.96,D,0
37.72081,23.99829,345.77,0.39,0.44,2021-08-16,1146,N,VIIRS,n,2,310.18,6.03,D,0
37.72125,24.00267,347.54,0.39,0.44,2021-08-16,1146,N,VIIRS,n,2,307.78,6.03,D,0
37.72483,23.99749,367,0.39,0.44,2021-08-16,1146,N,VIIRS,l,2,351.62,55.47,D,0
37.72528,24.00188,367,0.39,0.44,2021-08-16,1146,N,VIIRS,h,2,324.52,55.47,D,0
37.72572,24.00628,353.36,0.39,0.44,2021-08-16,1146,N,VIIRS,n,2,313.81,25.28,D,0
37.72617,24.01066,345.32,0.39,0.44,2021-08-16,1146,N,VIIRS,n,2,307.81,25.28,D,0
37.72887,23.99677,344.41,0.39,0.44,2021-08-16,1146,N,VIIRS,n,2,312.17,55.47,D,0
37.72931,24.0011,367,0.39,0.44,2021-08-16,1146,N,VIIRS,l,2,326.63,55.47,D,0
37.72974,24.00546,352.91,0.39,0.44,2021-08-16,1146,N,VIIRS,l,2,330.79,25.28,D,0
37.73019,24.00986,367,0.39,0.44,2021-08-16,1146,N,VIIRS,h,2,321.64,25.28,D,0
37.73065,24.01436,367,0.39,0.44,2021-08-16,1146,N,VIIRS,h,2,316.28,15.74,D,0
37.73334,24.00045,350.33,0.39,0.44,2021-08-16,1146,N,VIIRS,n,2,323,34.35,D,0
37.73378,24.00471,353.66,0.39,0.44,2021-08-16,1146,N,VIIRS,n,2,320.89,15.16,D,0
37.73468,24.01364,352.12,0.39,0.44,2021-08-16,1146,N,VIIRS,n,2,325.4,47.88,D,0
37.73518,24.01852,367,0.39,0.44,2021-08-16,1146,N,VIIRS,h,2,351.39,47.88,D,0
37.73781,24.00404,347.03,0.39,0.44,2021-08-16,1146,N,VIIRS,n,2,310.45,15.16,D,0
37.73825,24.00834,347.4,0.39,0.44,2021-08-16,1146,N,VIIRS,n,2,315.68,15.16,D,0
37.73871,24.01285,349.33,0.39,0.44,2021-08-16,1146,N,VIIRS,n,2,320.12,47.88,D,0
37.73921,24.01775,367,0.39,0.44,2021-08-16,1146,N,VIIRS,l,2,335.29,47.88,D,0
37.73971,24.02265,343.66,0.39,0.44,2021-08-16,1146,N,VIIRS,n,2,310.77,40.28,D,0
37.74228,24.00764,351,0.39,0.44,2021-08-16,1146,N,VIIRS,n,2,320.12,52.83,D,0
37.74271,24.01187,347.63,0.39,0.44,2021-08-16,1146,N,VIIRS,n,2,321.95,56.32,D,0
37.74371,24.02164,367,0.39,0.44,2021-08-16,1146,N,VIIRS,h,2,322.11,13.66,D,0
37.74422,24.02657,343.58,0.39,0.44,2021-08-16,1146,N,VIIRS,n,2,312.58,13.66,D,0
37.74675,24.0112,367,0.39,0.44,2021-08-16,1146,N,VIIRS,h,2,337.94,56.32,D,0
37.74826,24.02586,350.37,0.39,0.44,2021-08-16,1146,N,VIIRS,n,2,322.2,13.66,D,0
37.74874,24.03062,344.05,0.39,0.44,2021-08-16,1146,N,VIIRS,l,2,316.02,15.64,D,0
37.75079,24.01055,347.36,0.39,0.44,2021-08-16,1146,N,VIIRS,n,2,309.5,7.34,D,0
37.75125,24.01502,339.22,0.39,0.44,2021-08-16,1146,N,VIIRS,n,2,313.42,7.34,D,0
37.86547,27.70334,339.42,0.61,0.53,2021-08-16,1146,N,VIIRS,n,2,309.04,2.88,D,0
37.86606,27.70424,343.52,0.61,0.53,2021-08-16,1146,N,VIIRS,n,2,310.26,6.08,D,0
38.13277,23.31414,341.06,0.55,0.42,2021-08-16,1146,N,VIIRS,n,2,299.44,206.47,D,0
38.13344,23.32075,331.38,0.55,0.42,2021-08-16,1146,N,VIIRS,n,2,298.82,36.75,D,0
38.13663,23.31301,367,0.55,0.42,2021-08-16,1146,N,VIIRS,h,2,358.69,206.47,D,0
38.13731,23.31957,367,0.55,0.42,2021-08-16,1146,N,VIIRS,h,2,302.15,36.75,D,0
38.13795,23.32582,336.31,0.55,0.42,2021-08-16,1146,N,VIIRS,n,2,297.5,36.75,D,0
38.1399,23.30599,367,0.55,0.42,2021-08-16,1146,N,VIIRS,h,2,358.52,0,D,0
38.14057,23.31254,367,0.55,0.42,2021-08-16,1146,N,VIIRS,l,2,382.28,0,D,0
38.14124,23.3191,352.27,0.55,0.42,2021-08-16,1146,N,VIIRS,n,2,312.79,397,D,0
38.14453,23.31233,367,0.55,0.42,2021-08-16,1146,N,VIIRS,l,2,374.33,0,D,0
38.14521,23.31889,350.71,0.55,0.42,2021-08-16,1146,N,VIIRS,n,2,323.17,397,D,0
38.14784,23.30585,342.96,0.55,0.42,2021-08-16,1146,N,VIIRS,n,2,315.69,99.72,D,0
38.14849,23.31212,367,0.55,0.42,2021-08-16,1146,N,VIIRS,h,2,356.52,99.72,D,0
38.14917,23.31865,367,0.55,0.42,2021-08-16,1146,N,VIIRS,h,2,335.71,217.03,D,0
38.15179,23.30555,338.01,0.55,0.42,2021-08-16,1146,N,VIIRS,n,2,312.24,99.72,D,0
38.15245,23.31187,367,0.55,0.42,2021-08-16,1146,N,VIIRS,l,2,333.16,99.72,D,0
38.15313,23.31839,367,0.55,0.42,2021-08-16,1146,N,VIIRS,l,2,326.89,217.03,D,0
38.15638,23.31133,350.46,0.55,0.42,2021-08-16,1146,N,VIIRS,n,2,318.47,17.11,D,0
38.15704,23.31767,339.28,0.55,0.42,2021-08-16,1146,N,VIIRS,n,2,313.92,21.45,D,0
38.16028,23.3105,342.69,0.55,0.42,2021-08-16,1146,N,VIIRS,n,2,314.8,17.11,D,0
38.16093,23.31681,337.19,0.55,0.42,2021-08-16,1146,N,VIIRS,l,2,311.08,21.45,D,0
38.57526,28.03067,342.4,0.32,0.55,2021-08-16,1146,N,VIIRS,l,2,314.94,3.15,D,0
40.21423,22.54658,335.36,0.53,0.42,2021-08-16,1147,N,VIIRS,n,2,306.6,8.04,D,0
40.3986,20.06051,337.55,0.43,0.38,2021-08-16,1147,N,VIIRS,l,2,307.68,3.45,D,0
40.76541,24.00938,337.5,0.42,0.45,2021-08-16,1147,N,VIIRS,n,2,302.08,2.19,D,0
40.98694,20.28815,332.33,0.44,0.39,2021-08-16,1147,N,VIIRS,n,2,303.07,2.65,D,0
41.00364,19.56526,334.43,0.42,0.38,2021-08-16,1147,N,VIIRS,l,2,307.38,1.4,D,0
41.0071,19.56452,355.61,0.42,0.38,2021-08-16,1147,N,VIIRS,n,2,310.8,12.77,D,0
41.00832,19.56639,335.52,0.42,0.38,2021-08-16,1147,N,VIIRS,l,2,306.17,4.32,D,0
41.02082,28.55604,337.28,0.36,0.58,2021-08-16,1147,N,VIIRS,n,2,304.2,3.75,D,2
41.08362,19.99964,337.77,0.43,0.38,2021-08-16,1147,N,VIIRS,l,2,309.63,3.44,D,0
41.19898,19.49047,347.81,0.42,0.38,2021-08-16,1147,N,VIIRS,n,2,305.6,3.9,D,3
41.2251,19.98065,340.95,0.44,0.38,2021-08-16,1147,N,VIIRS,n,2,306.29,5.32,D,0
41.27155,19.72079,335.67,0.43,0.38,2021-08-16,1147,N,VIIRS,l,2,307.24,3.75,D,0
41.44093,19.49617,336.44,0.42,0.38,2021-08-16,1147,N,VIIRS,l,2,308.52,3.49,D,0
40.44205,27.14213,307.34,0.38,0.36,2021-08-17,5,N,VIIRS,n,2,294.53,2.23,N,2
40.44275,27.13764,330.5,0.38,0.36,2021-08-17,5,N,VIIRS,n,2,296.48,2.23,N,2
40.44534,27.14301,329.31,0.38,0.36,2021-08-17,5,N,VIIRS,n,2,295.49,2.23,N,2
41.02042,28.55563,328.95,0.39,0.36,2021-08-17,5,N,VIIRS,n,2,295.8,2.77,N,2
41.05671,20.34949,301.91,0.41,0.45,2021-08-17,5,N,VIIRS,n,2,287.6,0.64,N,0
41.40463,21.69132,303.33,0.54,0.42,2021-08-17,5,N,VIIRS,n,2,290.54,0.68,N,0
41.43723,21.94506,302.57,0.53,0.42,2021-08-17,5,N,VIIRS,n,2,292.17,1.36,N,2
41.44563,21.94016,340.99,0.53,0.42,2021-08-17,5,N,VIIRS,n,2,294.63,6.12,N,2
37.77089,27.4373,308.43,0.39,0.36,2021-08-17,6,N,VIIRS,n,2,296.43,1.12,N,2
38.09472,23.29099,325.3,0.44,0.38,2021-08-17,6,N,VIIRS,n,2,308.78,26.21,N,0
38.09536,23.28593,331.48,0.44,0.38,2021-08-17,6,N,VIIRS,n,2,300.94,23.34,N,0
38.0982,23.29195,331.95,0.44,0.38,2021-08-17,6,N,VIIRS,n,2,305.57,8.96,N,0
38.09884,23.2869,344.78,0.44,0.38,2021-08-17,6,N,VIIRS,n,2,304.9,7.88,N,0
38.10105,23.2978,348.24,0.43,0.38,2021-08-17,6,N,VIIRS,n,2,301.3,8.96,N,0
38.10169,23.29281,302.34,0.44,0.38,2021-08-17,6,N,VIIRS,n,2,292.33,8.96,N,0
38.10299,23.2826,304.03,0.44,0.38,2021-08-17,6,N,VIIRS,n,2,293,7.88,N,0
38.10365,23.27735,303.35,0.44,0.38,2021-08-17,6,N,VIIRS,n,2,292.2,0.41,N,0
38.10453,23.29871,327.97,0.43,0.38,2021-08-17,6,N,VIIRS,n,2,304.21,15.08,N,0
38.10517,23.29373,315.82,0.44,0.38,2021-08-17,6,N,VIIRS,n,2,293.95,15.08,N,0
38.10647,23.28351,327.29,0.44,0.38,2021-08-17,6,N,VIIRS,n,2,295.47,3.86,N,0
38.10714,23.27827,349.85,0.44,0.38,2021-08-17,6,N,VIIRS,n,2,298.64,12.75,N,0
38.10802,23.29963,321.66,0.43,0.38,2021-08-17,6,N,VIIRS,n,2,293.04,15.08,N,0
38.10865,23.29471,348.9,0.44,0.38,2021-08-17,6,N,VIIRS,n,2,298.55,15.08,N,0
38.11063,23.27917,330.11,0.44,0.38,2021-08-17,6,N,VIIRS,n,2,295.81,12.75,N,0
38.11131,23.27376,341.77,0.44,0.38,2021-08-17,6,N,VIIRS,n,2,298.74,12.75,N,0
38.11213,23.29559,321.37,0.44,0.38,2021-08-17,6,N,VIIRS,n,2,290.93,1.46,N,0
38.11478,23.27478,339.01,0.44,0.38,2021-08-17,6,N,VIIRS,n,2,300.59,5.98,N,0
38.11565,23.29619,308.96,0.44,0.38,2021-08-17,6,N,VIIRS,n,2,291.44,1.46,N,0
38.11796,23.30626,329.9,0.43,0.38,2021-08-17,6,N,VIIRS,n,2,294.21,1.62,N,0
38.11826,23.27584,329.83,0.44,0.38,2021-08-17,6,N,VIIRS,n,2,294.22,5.98,N,0
38.11858,23.30142,304.6,0.43,0.38,2021-08-17,6,N,VIIRS,n,2,292.78,2.05,N,0
38.12149,23.30675,311.07,0.43,0.38,2021-08-17,6,N,VIIRS,n,2,293.02,1.62,N,0
38.12173,23.27685,345.45,0.44,0.38,2021-08-17,6,N,VIIRS,n,2,295.46,4.33,N,0
38.12312,23.32205,311.31,0.43,0.38,2021-08-17,6,N,VIIRS,n,2,293.76,58.45,N,0
38.12375,23.31711,303.22,0.43,0.38,2021-08-17,6,N,VIIRS,n,2,291.63,58.45,N,0
38.12458,23.28264,330.93,0.44,0.38,2021-08-17,6,N,VIIRS,n,2,292.67,4.33,N,0
38.12523,23.27765,324.44,0.44,0.38,2021-08-17,6,N,VIIRS,n,2,291.7,4.33,N,0
38.12538,23.33239,305.43,0.43,0.38,2021-08-17,6,N,VIIRS,n,2,293.04,2.67,N,0
38.12602,23.32746,312.11,0.43,0.38,2021-08-17,6,N,VIIRS,n,2,293.77,2.67,N,0
38.12665,23.32253,367,0.43,0.38,2021-08-17,6,N,VIIRS,h,2,320.66,58.45,N,0
38.12727,23.31769,348.4,0.43,0.38,2021-08-17,6,N,VIIRS,n,2,311.63,58.45,N,0
38.12764,23.34275,306.2,0.43,0.38,2021-08-17,6,N,VIIRS,n,2,291.21,1.87,N,0
38.12789,23.31295,333.62,0.43,0.38,2021-08-17,6,N,VIIRS,n,2,296.97,5.16,N,0
38.1281,23.28333,333.68,0.44,0.38,2021-08-17,6,N,VIIRS,n,2,293.19,2.85,N,0
38.12827,23.33784,313.04,0.43,0.38,2021-08-17,6,N,VIIRS,n,2,291.81,1.87,N,0
38.12891,23.33289,309.89,0.43,0.38,2021-08-17,6,N,VIIRS,n,2,292.34,2.36,N,0
38.1292,23.52329,317.77,0.43,0.38,2021-08-17,6,N,VIIRS,n,2,293.13,1.23,N,2
38.12954,23.32805,322.28,0.43,0.38,2021-08-17,6,N,VIIRS,n,2,296.25,2.36,N,0
38.13016,23.32324,367,0.43,0.38,2021-08-17,6,N,VIIRS,h,2,357.66,174.47,N,0
38.13077,23.31848,367,0.43,0.38,2021-08-17,6,N,VIIRS,h,2,324.01,174.47,N,0
38.131,23.2888,334.26,0.44,0.38,2021-08-17,6,N,VIIRS,n,2,291.67,4.04,N,0
38.13112,23.34361,317.44,0.43,0.38,2021-08-17,6,N,VIIRS,n,2,292.52,1.87,N,0
38.13138,23.31378,321.48,0.43,0.38,2021-08-17,6,N,VIIRS,n,2,296.24,4.91,N,0
38.13163,23.28384,311.67,0.44,0.38,2021-08-17,6,N,VIIRS,n,2,289.97,2.85,N,0
38.13175,23.33878,323.6,0.43,0.38,2021-08-17,6,N,VIIRS,n,2,293.83,1.87,N,0
38.13238,23.33392,310.48,0.43,0.38,2021-08-17,6,N,VIIRS,n,2,295.08,2.36,N,0
38.133,23.32907,321.89,0.43,0.38,2021-08-17,6,N,VIIRS,n,2,295.95,2.36,N,0
38.13362,23.32425,367,0.43,0.38,2021-08-17,6,N,VIIRS,h,2,342.95,174.47,N,0
38.13394,23.3496,305.92,0.43,0.38,2021-08-17,6,N,VIIRS,n,2,294.98,3.1,N,0
38.13424,23.31946,351.23,0.43,0.38,2021-08-17,6,N,VIIRS,n,2,304.06,174.47,N,0
38.13453,23.28931,318.44,0.44,0.38,2021-08-17,6,N,VIIRS,n,2,291.03,2.08,N,0
38.13457,23.34474,330.12,0.43,0.38,2021-08-17,6,N,VIIRS,n,2,301.91,178.77,N,0
38.1352,23.33987,367,0.43,0.38,2021-08-17,6,N,VIIRS,h,2,356.31,178.77,N,0
38.13583,23.33501,346.92,0.43,0.38,2021-08-17,6,N,VIIRS,n,2,308.22,28.11,N,0
38.13646,23.33015,349.4,0.43,0.38,2021-08-17,6,N,VIIRS,n,2,309.81,28.11,N,0
38.13709,23.32529,351.96,0.43,0.38,2021-08-17,6,N,VIIRS,n,2,300.24,3.56,N,0
38.1374,23.29501,327.53,0.44,0.38,2021-08-17,6,N,VIIRS,n,2,292.47,2.08,N,0
38.1374,23.35065,304.95,0.43,0.38,2021-08-17,6,N,VIIRS,n,2,293.72,3.1,N,0
38.13772,23.32037,307.66,0.43,0.38,2021-08-17,6,N,VIIRS,n,2,293.13,3.56,N,0
38.13804,23.34576,329.28,0.43,0.38,2021-08-17,6,N,VIIRS,n,2,322.08,178.77,N,0
38.13868,23.34078,367,0.43,0.38,2021-08-17,6,N,VIIRS,h,2,367.38,178.77,N,0
38.13933,23.33578,347.02,0.43,0.38,2021-08-17,6,N,VIIRS,n,2,306.13,28.11,N,0
38.13997,23.33081,336.51,0.43,0.38,2021-08-17,6,N,VIIRS,n,2,304.27,28.11,N,0
38.14061,23.32588,314.38,0.43,0.38,2021-08-17,6,N,VIIRS,n,2,295.11,3.56,N,0
38.14094,23.29543,331.61,0.44,0.38,2021-08-17,6,N,VIIRS,n,2,296.74,3.26,N,0
38.14157,23.34622,324.99,0.43,0.38,2021-08-17,6,N,VIIRS,n,2,294.31,61.18,N,0
38.14221,23.34126,331.56,0.43,0.38,2021-08-17,6,N,VIIRS,n,2,324.03,61.18,N,0
38.14286,23.3363,351.64,0.43,0.38,2021-08-17,6,N,VIIRS,n,2,310.24,17.94,N,0
38.1435,23.33132,319.18,0.43,0.38,2021-08-17,6,N,VIIRS,n,2,297.24,17.94,N,0
38.14414,23.32637,309.44,0.43,0.38,2021-08-17,6,N,VIIRS,n,2,294.56,1.48,N,0
38.14449,23.29579,312.58,0.44,0.38,2021-08-17,6,N,VIIRS,n,2,290.8,3.26,N,0
38.1451,23.34667,322.36,0.43,0.38,2021-08-17,6,N,VIIRS,n,2,293.96,61.18,N,0
38.14574,23.34173,367,0.43,0.38,2021-08-17,6,N,VIIRS,h,2,340.19,61.18,N,0
38.14639,23.33682,353.52,0.43,0.38,2021-08-17,6,N,VIIRS,n,2,312.48,17.94,N,0
38.14703,23.33187,323.03,0.43,0.38,2021-08-17,6,N,VIIRS,n,2,299.1,17.94,N,0
38.14767,23.32693,315.96,0.43,0.38,2021-08-17,6,N,VIIRS,n,2,295.64,1.48,N,0
38.14803,23.29634,324.87,0.44,0.38,2021-08-17,6,N,VIIRS,n,2,290.63,1.34,N,0
38.14831,23.32199,305.6,0.43,0.38,2021-08-17,6,N,VIIRS,n,2,292.99,1.48,N,0
38.14863,23.3472,316.93,0.43,0.38,2021-08-17,6,N,VIIRS,n,2,294.91,76.41,N,0
38.14927,23.34225,367,0.43,0.38,2021-08-17,6,N,VIIRS,h,2,351.6,76.41,N,0
38.14991,23.33735,351.33,0.43,0.38,2021-08-17,6,N,VIIRS,n,2,336.01,40.94,N,0
38.15054,23.33246,340.07,0.43,0.38,2021-08-17,6,N,VIIRS,n,2,301.5,40.94,N,0
38.15088,23.30212,312.65,0.44,0.38,2021-08-17,6,N,VIIRS,n,2,293.4,1.78,N,0
38.15119,23.32753,316,0.43,0.38,2021-08-17,6,N,VIIRS,n,2,294.25,1.88,N,0
38.1528,23.34278,316.89,0.43,0.38,2021-08-17,6,N,VIIRS,n,2,292.93,76.41,N,0
38.15344,23.33788,331.71,0.43,0.38,2021-08-17,6,N,VIIRS,n,2,318.59,40.94,N,0
38.15407,23.33304,338.08,0.43,0.38,2021-08-17,6,N,VIIRS,n,2,300.57,40.94,N,0
38.15439,23.3028,312.45,0.44,0.38,2021-08-17,6,N,VIIRS,n,2,290.22,0.79,N,0
38.1547,23.32818,317.01,0.43,0.38,2021-08-17,6,N,VIIRS,n,2,295.21,1.88,N,0
38.15631,23.34347,305.85,0.43,0.38,2021-08-17,6,N,VIIRS,n,2,290.52,0.95,N,0
38.15695,23.33856,345.73,0.43,0.38,2021-08-17,6,N,VIIRS,n,2,301.15,26.5,N,0
38.15758,23.33371,356.93,0.43,0.38,2021-08-17,6,N,VIIRS,n,2,310.95,26.5,N,0
38.15821,23.32887,350.22,0.43,0.38,2021-08-17,6,N,VIIRS,n,2,301.97,9.06,N,0
38.15884,23.32398,340.72,0.43,0.38,2021-08-17,6,N,VIIRS,n,2,294.61,9.06,N,0
38.37382,24.06146,311.27,0.42,0.37,2021-08-17,6,N,VIIRS,n,2,294.49,1.07,N,2
38.42674,27.21487,317.31,0.39,0.36,2021-08-17,6,N,VIIRS,n,2,296.6,1.67,N,2
38.45652,27.26381,306.48,0.39,0.36,2021-08-17,6,N,VIIRS,n,2,296.08,0.72,N,2
38.73239,26.96629,308.43,0.38,0.36,2021-08-17,6,N,VIIRS,n,2,293.38,0.71,N,2
38.73518,26.94876,322.02,0.38,0.36,2021-08-17,6,N,VIIRS,n,2,295.8,1.88,N,2
38.73588,26.94438,316.07,0.38,0.36,2021-08-17,6,N,VIIRS,n,2,299.12,1.88,N,2
38.73917,26.94523,316.67,0.38,0.36,2021-08-17,6,N,VIIRS,n,2,298.76,1.74,N,2
38.74176,26.95047,321.79,0.38,0.36,2021-08-17,6,N,VIIRS,n,2,296.59,1.74,N,2
38.74245,26.94608,319.27,0.38,0.36,2021-08-17,6,N,VIIRS,n,2,295.9,1.74,N,2
38.75435,26.95152,318.81,0.38,0.36,2021-08-17,6,N,VIIRS,n,2,295.2,1.81,N,2
39.16926,27.63178,306.72,0.39,0.36,2021-08-17,6,N,VIIRS,n,2,293.01,1.02,N,0
39.18433,27.49732,303.62,0.39,0.36,2021-08-17,6,N,VIIRS,n,2,293.41,0.71,N,2
39.25769,27.73736,320.33,0.39,0.36,2021-08-17,6,N,VIIRS,n,2,290.83,2.08,N,0
39.60844,27.88033,302.93,0.39,0.36,2021-08-17,6,N,VIIRS,n,2,291.91,0.54,N,0
39.86565,26.24464,323.49,0.39,0.36,2021-08-17,6,N,VIIRS,n,2,296.36,1.85,N,2
40.15017,20.48237,301.6,0.4,0.44,2021-08-17,6,N,VIIRS,n,2,290.48,0.33,N,0
41.44298,21.9424,321.91,0.79,0.78,2021-08-17,145,N,VIIRS,n,2,289.26,3.96,N,2
41.44605,21.94113,324.06,0.79,0.78,2021-08-17,145,N,VIIRS,n,2,289.07,4.69,N,2
38.07353,23.64628,340.54,0.39,0.36,2021-08-17,1127,N,VIIRS,l,2,313.74,6.65,D,0
38.08836,23.36745,349.32,0.39,0.36,2021-08-17,1127,N,VIIRS,n,2,311.15,15.68,D,0
38.08858,23.35546,350.78,0.39,0.36,2021-08-17,1127,N,VIIRS,n,2,306.98,39.26,D,0
38.08921,23.35986,349.57,0.39,0.36,2021-08-17,1127,N,VIIRS,l,2,321.63,39.26,D,0
38.08986,23.36431,352.88,0.39,0.36,2021-08-17,1127,N,VIIRS,n,2,319.9,29.26,D,0
38.09049,23.36879,342.77,0.39,0.36,2021-08-17,1127,N,VIIRS,n,2,315.78,29.26,D,0
38.09188,23.35464,367,0.39,0.36,2021-08-17,1127,N,VIIRS,l,2,334.94,39.26,D,0
38.09253,23.35907,367,0.39,0.36,2021-08-17,1127,N,VIIRS,l,2,325.47,39.26,D,0
38.09316,23.36352,342.51,0.39,0.36,2021-08-17,1127,N,VIIRS,n,2,309.94,29.26,D,0
38.0938,23.36798,367,0.39,0.36,2021-08-17,1127,N,VIIRS,l,2,330.01,29.26,D,0
38.0952,23.35385,347.86,0.39,0.36,2021-08-17,1127,N,VIIRS,n,2,308.15,41.57,D,0
38.09583,23.35829,351.59,0.39,0.36,2021-08-17,1127,N,VIIRS,n,2,316.76,41.57,D,0
38.09711,23.36719,367,0.39,0.36,2021-08-17,1127,N,VIIRS,h,2,334.18,41.85,D,0
38.09915,23.35752,367,0.39,0.36,2021-08-17,1127,N,VIIRS,l,2,336.05,41.57,D,0
38.09979,23.36197,345.59,0.39,0.36,2021-08-17,1127,N,VIIRS,n,2,312.4,41.85,D,0
38.10008,23.31657,367,0.39,0.36,2021-08-17,1127,N,VIIRS,l,2,325.86,40.5,D,0
38.10071,23.3209,367,0.39,0.36,2021-08-17,1127,N,VIIRS,l,2,338.77,40.5,D,0
38.10106,23.37085,367,0.39,0.36,2021-08-17,1127,N,VIIRS,l,2,339.04,93.29,D,0
38.10148,23.30254,367,0.39,0.36,2021-08-17,1127,N,VIIRS,l,2,330.14,43.36,D,0
38.10212,23.30698,367,0.39,0.36,2021-08-17,1127,N,VIIRS,h,2,353.58,50.06,D,0
38.10276,23.31143,367,0.39,0.36,2021-08-17,1127,N,VIIRS,h,2,358.15,50.06,D,0
38.10339,23.31577,367,0.39,0.36,2021-08-17,1127,N,VIIRS,h,2,351.67,26.28,D,0
38.10402,23.32007,356.58,0.39,0.36,2021-08-17,1127,N,VIIRS,l,2,335.48,26.28,D,0
38.10437,23.37009,367,0.39,0.36,2021-08-17,1127,N,VIIRS,h,2,355.95,99.07,D,0
38.10556,23.28344,350.72,0.39,0.36,2021-08-17,1127,N,VIIRS,n,2,315.16,13.66,D,0
38.10607,23.31061,355.45,0.39,0.36,2021-08-17,1127,N,VIIRS,n,2,328.76,50.06,D,0
38.10655,23.33762,356.87,0.39,0.36,2021-08-17,1127,N,VIIRS,n,2,318.11,22.58,D,0
38.10669,23.31496,356.75,0.39,0.36,2021-08-17,1127,N,VIIRS,n,2,331.26,26.28,D,0
38.10732,23.31927,353.76,0.39,0.36,2021-08-17,1127,N,VIIRS,l,2,326.93,26.28,D,0
38.1077,23.36941,367,0.39,0.36,2021-08-17,1127,N,VIIRS,h,2,345.84,99.07,D,0
38.11,23.31415,367,0.39,0.36,2021-08-17,1127,N,VIIRS,l,2,326.33,18.66,D,0
38.11063,23.31846,367,0.39,0.36,2021-08-17,1127,N,VIIRS,l,2,330.93,18.66,D,0
38.11102,23.36873,351.59,0.39,0.36,2021-08-17,1127,N,VIIRS,n,2,317.64,37.33,D,0
38.11203,23.30449,352.33,0.39,0.36,2021-08-17,1127,N,VIIRS,n,2,316.81,17.98,D,0
38.11435,23.36807,367,0.39,0.36,2021-08-17,1127,N,VIIRS,l,2,326.14,37.33,D,0
38.11768,23.36742,349.14,0.39,0.36,2021-08-17,1127,N,VIIRS,n,2,312.24,8.78,D,0
38.12595,23.30606,367,0.39,0.36,2021-08-17,1127,N,VIIRS,h,2,339.63,64.59,D,0
38.12861,23.30083,367,0.39,0.36,2021-08-17,1127,N,VIIRS,l,2,325.41,11.48,D,0
38.13095,23.3644,346.86,0.39,0.36,2021-08-17,1127,N,VIIRS,n,2,315.46,85.99,D,0
38.13425,23.36353,367,0.39,0.36,2021-08-17,1127,N,VIIRS,h,2,350.44,85.99,D,0
38.13627,23.35382,367,0.39,0.36,2021-08-17,1127,N,VIIRS,h,2,331,81.32,D,0
38.13691,23.35826,353.68,0.39,0.36,2021-08-17,1127,N,VIIRS,n,2,324.39,81.32,D,0
38.13958,23.35306,367,0.39,0.36,2021-08-17,1127,N,VIIRS,h,2,340.33,81.32,D,0
38.14291,23.35236,353.71,0.39,0.36,2021-08-17,1127,N,VIIRS,n,2,317.36,18.14,D,0
38.15161,23.34139,346.19,0.39,0.36,2021-08-17,1127,N,VIIRS,n,2,311.99,7.33,D,0
38.16229,23.32057,347.56,0.39,0.36,2021-08-17,1127,N,VIIRS,n,2,309.4,8.29,D,0
40.09715,20.64833,336.51,0.39,0.36,2021-08-17,1128,N,VIIRS,l,2,310.11,7.84,D,0
40.18364,19.75434,334.47,0.4,0.37,2021-08-17,1128,N,VIIRS,l,2,304.82,1.8,D,0
40.22863,19.73034,355.89,0.4,0.37,2021-08-17,1128,N,VIIRS,n,2,312.67,15.55,D,0
40.27522,20.48836,339.79,0.39,0.36,2021-08-17,1128,N,VIIRS,n,2,308.16,3.27,D,0
40.80154,20.22393,334.78,0.39,0.36,2021-08-17,1128,N,VIIRS,l,2,307.97,8.04,D,0
40.91556,23.74808,330.45,0.41,0.37,2021-08-17,1128,N,VIIRS,n,2,303.42,1.89,D,0
40.94278,24.22548,345.25,0.42,0.38,2021-08-17,1128,N,VIIRS,n,2,303.26,6.58,D,0
41.02049,28.55397,332.75,0.41,0.45,2021-08-17,1128,N,VIIRS,l,2,305.93,2.21,D,2
41.05407,20.34953,349.78,0.39,0.36,2021-08-17,1128,N,VIIRS,n,2,310.13,12.8,D,0
41.05481,20.35408,332.85,0.39,0.36,2021-08-17,1128,N,VIIRS,n,2,301.99,4.63,D,0
41.44326,21.93998,349.74,0.39,0.36,2021-08-17,1128,N,VIIRS,n,2,322.94,12.18,D,2
41.44656,21.93912,344.41,0.39,0.36,2021-08-17,1128,N,VIIRS,n,2,313.51,4.6,D,2
41.47068,19.82059,334.04,0.39,0.36,2021-08-17,1129,N,VIIRS,l,2,306.17,5.68,D,0
41.474,19.81966,335.55,0.39,0.36,2021-08-17,1129,N,VIIRS,l,2,307.95,8.88,D,0
40.44564,27.13944,307.88,0.5,0.41,2021-08-17,2346,N,VIIRS,n,2,295.7,1.8,N,2
40.4463,27.13348,321.92,0.5,0.41,2021-08-17,2346,N,VIIRS,n,2,296.71,1.8,N,3
41.02043,28.5546,325.72,0.45,0.39,2021-08-17,2346,N,VIIRS,n,2,296.39,2.8,N,2
41.03878,20.36362,296.92,0.36,0.58,2021-08-17,2346,N,VIIRS,n,2,285.84,0.39,N,0
41.0556,20.35118,313.72,0.36,0.58,2021-08-17,2346,N,VIIRS,n,2,287.41,1.86,N,0
41.05582,20.34712,295.87,0.36,0.58,2021-08-17,2346,N,VIIRS,n,2,285.48,1.21,N,0
41.40724,21.37234,300.02,0.32,0.55,2021-08-17,2346,N,VIIRS,n,2,287.06,0.42,N,0
41.41233,21.37292,304.55,0.32,0.55,2021-08-17,2346,N,VIIRS,n,2,287.34,0.43,N,0
41.44163,21.94038,308.35,0.6,0.53,2021-08-17,2346,N,VIIRS,n,2,289.52,2.26,N,2
41.44233,21.93929,326.92,0.6,0.53,2021-08-17,2346,N,VIIRS,n,2,289.45,4.74,N,2
41.44727,21.94001,337.45,0.6,0.53,2021-08-17,2346,N,VIIRS,n,2,290.04,4.74,N,2
37.77106,27.43677,309.36,0.45,0.39,2021-08-17,2347,N,VIIRS,n,2,295.41,1.09,N,2
38.07942,23.38147,328.24,0.47,0.48,2021-08-17,2347,N,VIIRS,n,2,293.27,5.06,N,0
38.07985,23.37666,320.09,0.47,0.48,2021-08-17,2347,N,VIIRS,n,2,294.6,5.06,N,0
38.08027,23.37187,309.75,0.47,0.48,2021-08-17,2347,N,VIIRS,n,2,294.5,3.56,N,0
38.08111,23.36229,307.13,0.47,0.48,2021-08-17,2347,N,VIIRS,n,2,293.89,1.58,N,0
38.0816,23.35671,306.17,0.47,0.48,2021-08-17,2347,N,VIIRS,n,2,293.79,1.58,N,0
38.08211,23.35087,322.73,0.47,0.48,2021-08-17,2347,N,VIIRS,n,2,293.43,5.14,N,0
38.08289,23.3927,306.66,0.47,0.48,2021-08-17,2347,N,VIIRS,n,2,291.7,5.17,N,0
38.08337,23.38728,311.22,0.47,0.48,2021-08-17,2347,N,VIIRS,n,2,291.89,5.17,N,0
38.0838,23.3824,328.05,0.47,0.48,2021-08-17,2347,N,VIIRS,n,2,304.68,64.95,N,0
38.08422,23.37767,356.17,0.47,0.48,2021-08-17,2347,N,VIIRS,n,2,310.2,64.95,N,0
38.08464,23.37293,367,0.47,0.48,2021-08-17,2347,N,VIIRS,h,2,304.1,12.13,N,0
38.08504,23.36833,349.42,0.47,0.48,2021-08-17,2347,N,VIIRS,n,2,298.61,12.13,N,0
38.08545,23.3638,332.15,0.47,0.48,2021-08-17,2347,N,VIIRS,n,2,297.91,5.47,N,0
38.0859,23.35864,355.94,0.47,0.48,2021-08-17,2347,N,VIIRS,n,2,303.65,5.47,N,0
38.08641,23.35284,367,0.47,0.48,2021-08-17,2347,N,VIIRS,h,2,304.37,10.62,N,0
38.08677,23.39927,311.43,0.47,0.48,2021-08-17,2347,N,VIIRS,n,2,293.12,3.59,N,0
38.08696,23.34655,320.5,0.47,0.48,2021-08-17,2347,N,VIIRS,n,2,294.48,10.62,N,0
38.08725,23.39383,321.08,0.47,0.48,2021-08-17,2347,N,VIIRS,n,2,293.7,5.17,N,0
38.08774,23.38835,331.44,0.47,0.48,2021-08-17,2347,N,VIIRS,n,2,294.75,5.17,N,0
38.08817,23.38343,329.08,0.47,0.48,2021-08-17,2347,N,VIIRS,n,2,322.99,64.95,N,0
38.08859,23.37876,354.76,0.47,0.48,2021-08-17,2347,N,VIIRS,n,2,311.51,64.95,N,0
38.08901,23.37404,336.96,0.47,0.48,2021-08-17,2347,N,VIIRS,n,2,302.81,12.13,N,0
38.08942,23.36938,353.82,0.47,0.48,2021-08-17,2347,N,VIIRS,n,2,305.23,12.13,N,0
38.08983,23.36475,322.33,0.47,0.48,2021-08-17,2347,N,VIIRS,n,2,294.96,5.47,N,0
38.09027,23.35979,306.52,0.47,0.48,2021-08-17,2347,N,VIIRS,n,2,293.18,5.47,N,0
38.09071,23.40509,308.43,0.47,0.48,2021-08-17,2347,N,VIIRS,n,2,293.22,137.43,N,0
38.09129,23.34828,310.13,0.47,0.48,2021-08-17,2347,N,VIIRS,n,2,293.34,10.62,N,0
38.09161,23.39499,331.68,0.47,0.48,2021-08-17,2347,N,VIIRS,n,2,322.57,296.23,N,0
38.09208,23.38969,367,0.47,0.48,2021-08-17,2347,N,VIIRS,h,2,302.52,296.23,N,0
38.09253,23.38473,355.26,0.47,0.48,2021-08-17,2347,N,VIIRS,n,2,309.64,18.99,N,0
38.09294,23.38003,352.79,0.47,0.48,2021-08-17,2347,N,VIIRS,n,2,308.91,18.99,N,0
38.09336,23.37525,322.92,0.47,0.48,2021-08-17,2347,N,VIIRS,n,2,298.37,3.31,N,0
38.0938,23.37038,318.49,0.47,0.48,2021-08-17,2347,N,VIIRS,n,2,296.93,3.31,N,0
38.09513,23.40557,310.11,0.47,0.48,2021-08-17,2347,N,VIIRS,n,2,293.66,137.43,N,0
38.09644,23.39088,367,0.47,0.48,2021-08-17,2347,N,VIIRS,h,2,322.09,296.23,N,0
38.09689,23.38586,352.13,0.47,0.48,2021-08-17,2347,N,VIIRS,n,2,302.25,18.99,N,0
38.09732,23.381,350.41,0.47,0.48,2021-08-17,2347,N,VIIRS,n,2,302.25,18.99,N,0
38.09775,23.37615,312.83,0.47,0.48,2021-08-17,2347,N,VIIRS,n,2,296.53,3.31,N,0
38.09955,23.40592,304.82,0.47,0.48,2021-08-17,2347,N,VIIRS,n,2,292.88,5.84,N,0
38.09999,23.40101,331.01,0.47,0.48,2021-08-17,2347,N,VIIRS,n,2,296.23,5.84,N,0
38.10043,23.39607,333.07,0.47,0.48,2021-08-17,2347,N,VIIRS,n,2,328.04,40.72,N,0
38.10088,23.39113,347.55,0.47,0.48,2021-08-17,2347,N,VIIRS,n,2,299.16,40.72,N,0
38.10107,23.33885,336.03,0.47,0.48,2021-08-17,2347,N,VIIRS,n,2,294.32,5.1,N,0
38.10131,23.38624,310.47,0.47,0.48,2021-08-17,2347,N,VIIRS,n,2,294.4,4.25,N,0
38.10254,23.32222,313.88,0.47,0.48,2021-08-17,2347,N,VIIRS,n,2,292.49,1.67,N,0
38.1026,23.37186,307.67,0.47,0.48,2021-08-17,2347,N,VIIRS,n,2,292.74,1.5,N,0
38.10443,23.40124,311.15,0.47,0.48,2021-08-17,2347,N,VIIRS,n,2,293.41,5.84,N,0
38.10488,23.39627,312.77,0.47,0.48,2021-08-17,2347,N,VIIRS,n,2,294.49,40.72,N,0
38.10544,23.34002,331.9,0.47,0.48,2021-08-17,2347,N,VIIRS,n,2,293.62,5.27,N,0
38.10594,23.33438,340.66,0.47,0.48,2021-08-17,2347,N,VIIRS,n,2,295.71,11.01,N,0
38.10663,23.37671,311.24,0.47,0.48,2021-08-17,2347,N,VIIRS,n,2,294.34,1.5,N,0
38.10689,23.3236,334.69,0.47,0.48,2021-08-17,2347,N,VIIRS,n,2,294.16,4.61,N,0
38.10707,23.37178,305.66,0.47,0.48,2021-08-17,2347,N,VIIRS,n,2,293.41,1.5,N,0
38.11112,23.37639,339.75,0.47,0.48,2021-08-17,2347,N,VIIRS,n,2,294.75,23.7,N,0
38.11158,23.37135,336.25,0.47,0.48,2021-08-17,2347,N,VIIRS,n,2,294.42,23.7,N,0
38.11563,23.37599,336.77,0.47,0.48,2021-08-17,2347,N,VIIRS,n,2,303.23,23.7,N,0
38.11609,23.37081,367,0.47,0.48,2021-08-17,2347,N,VIIRS,h,2,302.52,23.7,N,0
38.12845,23.38234,342.4,0.47,0.48,2021-08-17,2347,N,VIIRS,n,2,294.92,30.17,N,0
38.12863,23.52598,309.63,0.46,0.47,2021-08-17,2347,N,VIIRS,n,2,293.34,1.28,N,2
38.12893,23.3771,332.61,0.47,0.48,2021-08-17,2347,N,VIIRS,n,2,294.83,8.2,N,0
38.12911,23.52223,310.18,0.46,0.47,2021-08-17,2347,N,VIIRS,n,2,293.58,0.92,N,2
38.12941,23.37175,352.7,0.47,0.48,2021-08-17,2347,N,VIIRS,n,2,295.79,8.2,N,0
38.13185,23.39413,334.43,0.47,0.48,2021-08-17,2347,N,VIIRS,n,2,295.97,16.52,N,0
38.13232,23.3889,352.85,0.47,0.48,2021-08-17,2347,N,VIIRS,n,2,307.39,30.17,N,0
38.13279,23.38377,367,0.47,0.48,2021-08-17,2347,N,VIIRS,h,2,304.87,30.17,N,0
38.13325,23.37865,334.08,0.47,0.48,2021-08-17,2347,N,VIIRS,n,2,300.75,8.2,N,0
38.13374,23.37335,327.87,0.47,0.48,2021-08-17,2347,N,VIIRS,n,2,299.41,8.2,N,0
38.13422,23.36804,342.39,0.47,0.48,2021-08-17,2347,N,VIIRS,n,2,299.56,11.25,N,0
38.13548,23.39649,338.65,0.47,0.48,2021-08-17,2347,N,VIIRS,n,2,296.2,24.54,N,0
38.13592,23.39137,353.1,0.47,0.48,2021-08-17,2347,N,VIIRS,n,2,313.43,24.54,N,0
38.13619,23.39541,338.22,0.47,0.48,2021-08-17,2347,N,VIIRS,n,2,299.93,15.73,N,0
38.13635,23.38625,346.04,0.47,0.48,2021-08-17,2347,N,VIIRS,n,2,302.43,10.74,N,0
38.13665,23.39035,367,0.47,0.48,2021-08-17,2347,N,VIIRS,h,2,307.36,19.04,N,0
38.1368,23.38111,316.89,0.47,0.48,2021-08-17,2347,N,VIIRS,n,2,297.09,10.74,N,0
38.13711,23.38527,340.79,0.47,0.48,2021-08-17,2347,N,VIIRS,n,2,299.89,19.04,N,0
38.13725,23.37577,313.29,0.47,0.48,2021-08-17,2347,N,VIIRS,n,2,296.6,17.34,N,0
38.13759,23.38008,317.85,0.47,0.48,2021-08-17,2347,N,VIIRS,n,2,297.27,19.49,N,0
38.13771,23.37038,312.15,0.47,0.48,2021-08-17,2347,N,VIIRS,n,2,297.04,17.34,N,0
38.13808,23.37466,313.55,0.47,0.48,2021-08-17,2347,N,VIIRS,n,2,296.37,19.49,N,0
38.13815,23.36518,308.94,0.47,0.48,2021-08-17,2347,N,VIIRS,n,2,295.35,5.83,N,0
38.13857,23.36928,312.06,0.47,0.48,2021-08-17,2347,N,VIIRS,n,2,296.32,21.57,N,0
38.13905,23.36406,306.96,0.47,0.48,2021-08-17,2347,N,VIIRS,n,2,294.4,21.57,N,0
38.14033,23.39192,314.74,0.47,0.48,2021-08-17,2347,N,VIIRS,n,2,295.47,24.54,N,0
38.14078,23.38673,330.7,0.47,0.48,2021-08-17,2347,N,VIIRS,n,2,298.49,10.74,N,0
38.14121,23.38163,351.55,0.47,0.48,2021-08-17,2347,N,VIIRS,n,2,302.86,10.74,N,0
38.14156,23.38555,322.47,0.47,0.48,2021-08-17,2347,N,VIIRS,n,2,297.11,19.04,N,0
38.14167,23.37632,367,0.47,0.48,2021-08-17,2347,N,VIIRS,h,2,306.73,17.34,N,0
38.14202,23.38045,353.18,0.47,0.48,2021-08-17,2347,N,VIIRS,n,2,304.17,19.49,N,0
38.14213,23.37084,367,0.47,0.48,2021-08-17,2347,N,VIIRS,h,2,304.65,17.34,N,0
38.14251,23.37508,356.44,0.47,0.48,2021-08-17,2347,N,VIIRS,n,2,311.42,19.49,N,0
38.14259,23.36549,343.52,0.47,0.48,2021-08-17,2347,N,VIIRS,n,2,300.85,5.83,N,0
38.14301,23.36965,355.95,0.47,0.48,2021-08-17,2347,N,VIIRS,n,2,310.52,21.57,N,0
38.14305,23.36008,320.42,0.47,0.48,2021-08-17,2347,N,VIIRS,n,2,296.33,5.83,N,0
38.14349,23.36432,349.42,0.47,0.48,2021-08-17,2347,N,VIIRS,n,2,303.69,21.57,N,0
38.14352,23.35451,324.63,0.47,0.48,2021-08-17,2347,N,VIIRS,n,2,294.32,5.35,N,0
38.14399,23.35885,326.82,0.47,0.48,2021-08-17,2347,N,VIIRS,n,2,297.81,6.79,N,0
38.1445,23.35322,345.89,0.47,0.48,2021-08-17,2347,N,VIIRS,n,2,296.2,6.79,N,0
38.14502,23.34756,308.38,0.47,0.48,2021-08-17,2347,N,VIIRS,n,2,292.57,2.91,N,0
38.14612,23.37642,349.72,0.47,0.48,2021-08-17,2347,N,VIIRS,n,2,298.81,49.34,N,0
38.14659,23.37096,330.88,0.47,0.48,2021-08-17,2347,N,VIIRS,n,2,314.89,49.34,N,0
38.14698,23.37515,334.62,0.47,0.48,2021-08-17,2347,N,VIIRS,n,2,297.02,12.81,N,0
38.14705,23.36556,344.28,0.47,0.48,2021-08-17,2347,N,VIIRS,n,2,320.54,129.62,N,0
38.14748,23.36969,344.91,0.47,0.48,2021-08-17,2347,N,VIIRS,n,2,313.78,88.62,N,0
38.14797,23.36428,341.28,0.47,0.48,2021-08-17,2347,N,VIIRS,n,2,317.47,88.62,N,0
38.148,23.35441,367,0.47,0.48,2021-08-17,2347,N,VIIRS,h,2,306.37,26.1,N,0
38.14848,23.34877,325.87,0.47,0.48,2021-08-17,2347,N,VIIRS,n,2,295.74,26.1,N,0
38.14848,23.35875,367,0.47,0.48,2021-08-17,2347,N,VIIRS,h,2,323.47,90.49,N,0
38.14899,23.35313,348.91,0.47,0.48,2021-08-17,2347,N,VIIRS,n,2,299.76,90.49,N,0
38.14951,23.34753,310.83,0.47,0.48,2021-08-17,2347,N,VIIRS,n,2,294.52,3.02,N,0
38.152,23.35986,316.94,0.47,0.48,2021-08-17,2347,N,VIIRS,n,2,294.38,129.62,N,0
38.15247,23.35441,306.08,0.47,0.48,2021-08-17,2347,N,VIIRS,n,2,293.66,26.1,N,0
38.4282,27.21524,314.79,0.47,0.4,2021-08-17,2347,N,VIIRS,n,2,296.3,1.79,N,2
38.62439,28.09077,301.21,0.44,0.38,2021-08-17,2347,N,VIIRS,n,2,290.64,0.51,N,3
38.73328,26.96329,306.75,0.48,0.4,2021-08-17,2347,N,VIIRS,n,2,294.82,0.74,N,2
38.7353,26.94644,307.48,0.48,0.4,2021-08-17,2347,N,VIIRS,n,2,297.47,1.67,N,2
38.73661,26.94768,317.73,0.48,0.4,2021-08-17,2347,N,VIIRS,n,2,298.15,2.24,N,2
38.73899,26.94714,315.65,0.48,0.4,2021-08-17,2347,N,VIIRS,n,2,297.15,1.73,N,2
38.74031,26.94839,309.98,0.48,0.4,2021-08-17,2347,N,VIIRS,n,2,296.27,0.94,N,2
38.74269,26.94785,309.87,0.48,0.4,2021-08-17,2347,N,VIIRS,n,2,296.52,1.73,N,2
38.74401,26.94911,307.86,0.48,0.4,2021-08-17,2347,N,VIIRS,n,2,295.97,0.94,N,2
39.25816,27.73605,318.75,0.46,0.39,2021-08-17,2347,N,VIIRS,n,2,292.24,2,N,0
39.86493,26.24569,314.99,0.53,0.42,2021-08-17,2347,N,VIIRS,n,2,295.15,1.46,N,2
40.05107,28.42545,306.77,0.44,0.38,2021-08-17,2347,N,VIIRS,n,2,292.25,0.76,N,0
38.07866,23.37035,303.42,0.7,0.75,2021-08-18,127,N,VIIRS,n,2,291.48,4.37,N,0
38.07932,23.36566,329.63,0.7,0.75,2021-08-18,127,N,VIIRS,n,2,292.49,11.84,N,0
38.08157,23.38496,321.32,0.7,0.75,2021-08-18,127,N,VIIRS,n,2,292.82,4.37,N,0
38.08214,23.38033,324.35,0.7,0.75,2021-08-18,127,N,VIIRS,n,2,292.96,13.12,N,0
38.08224,23.35916,367,0.7,0.75,2021-08-18,127,N,VIIRS,h,2,295.12,10,N,0
38.0823,23.35655,353.74,0.7,0.75,2021-08-18,127,N,VIIRS,n,2,295,11.84,N,0
38.08466,23.34933,309.1,0.7,0.75,2021-08-18,127,N,VIIRS,n,2,291.97,10.67,N,0
38.08467,23.35158,330.36,0.7,0.75,2021-08-18,127,N,VIIRS,n,2,292.51,10,N,0
38.08561,23.3723,314.23,0.7,0.75,2021-08-18,127,N,VIIRS,n,2,292.27,4.37,N,0
38.08584,23.39229,331.26,0.7,0.75,2021-08-18,127,N,VIIRS,n,2,291.74,13.12,N,0
38.08585,23.39528,312.5,0.7,0.75,2021-08-18,127,N,VIIRS,n,2,291.57,12.81,N,0
38.08683,23.36593,303.95,0.7,0.75,2021-08-18,127,N,VIIRS,n,2,291.57,6.92,N,0
38.08848,23.38706,367,0.7,0.75,2021-08-18,127,N,VIIRS,h,2,297.21,17.33,N,0
38.08914,23.38217,367,0.7,0.75,2021-08-18,127,N,VIIRS,h,2,298.2,13.12,N,0
38.09002,23.40281,321.63,0.7,0.75,2021-08-18,127,N,VIIRS,n,2,292.57,8.4,N,0
38.09009,23.35594,307.08,0.7,0.75,2021-08-18,127,N,VIIRS,n,2,291.03,6.92,N,0
38.09227,23.35149,319.11,0.7,0.75,2021-08-18,127,N,VIIRS,n,2,291.55,10,N,0
38.0923,23.34918,310.41,0.7,0.75,2021-08-18,127,N,VIIRS,n,2,291.01,9.24,N,0
38.09278,23.37359,331.98,0.7,0.75,2021-08-18,127,N,VIIRS,n,2,293.46,17.33,N,0
38.0928,23.39726,341.3,0.7,0.75,2021-08-18,127,N,VIIRS,n,2,295.47,12.81,N,0
38.09306,23.39346,349.28,0.7,0.75,2021-08-18,127,N,VIIRS,n,2,296.02,12.79,N,0
38.09338,23.36914,310.39,0.7,0.75,2021-08-18,127,N,VIIRS,n,2,292.28,6.92,N,0
38.09587,23.38766,355.16,0.7,0.75,2021-08-18,127,N,VIIRS,n,2,295.94,17.33,N,0
38.09628,23.33899,317.77,0.7,0.75,2021-08-18,127,N,VIIRS,n,2,291.03,7.45,N,0
38.09637,23.33671,311.79,0.7,0.75,2021-08-18,127,N,VIIRS,n,2,290.59,8.36,N,0
38.09644,23.3831,367,0.7,0.75,2021-08-18,127,N,VIIRS,h,2,295.5,12.79,N,0
38.09658,23.31281,302.89,0.7,0.75,2021-08-18,127,N,VIIRS,n,2,290.98,9.53,N,0
38.09849,23.33209,302.89,0.7,0.75,2021-08-18,127,N,VIIRS,n,2,290.93,4.15,N,0
38.09877,23.40233,317.06,0.7,0.75,2021-08-18,127,N,VIIRS,n,2,293.02,4.12,N,0
38.09901,23.30685,367,0.7,0.75,2021-08-18,127,N,VIIRS,h,2,292.66,20.23,N,0
38.09922,23.3979,323.07,0.7,0.75,2021-08-18,127,N,VIIRS,n,2,294.01,12.79,N,0
38.09935,23.37673,328.41,0.7,0.75,2021-08-18,127,N,VIIRS,n,2,291.25,17.33,N,0
38.09978,23.30301,367,0.7,0.75,2021-08-18,127,N,VIIRS,h,2,293.12,27.13,N,0
38.10178,23.39292,306.78,0.7,0.75,2021-08-18,127,N,VIIRS,n,2,292.18,6.72,N,0
38.10212,23.29711,318.84,0.7,0.75,2021-08-18,127,N,VIIRS,n,2,289.54,16.55,N,0
38.10356,23.33985,343.15,0.7,0.75,2021-08-18,127,N,VIIRS,n,2,293.75,11.05,N,0
38.10384,23.33707,367,0.7,0.75,2021-08-18,127,N,VIIRS,h,2,296.72,8.36,N,0
38.10496,23.38294,309.25,0.7,0.75,2021-08-18,127,N,VIIRS,n,2,291.96,6.72,N,0
38.10553,23.3785,318.28,0.7,0.75,2021-08-18,127,N,VIIRS,n,2,291.92,12.83,N,0
38.1059,23.33254,337.7,0.7,0.75,2021-08-18,127,N,VIIRS,n,2,292.32,14.02,N,0
38.10629,23.32953,308.08,0.7,0.75,2021-08-18,127,N,VIIRS,n,2,290.58,8.36,N,0
38.10786,23.37383,310.35,0.7,0.75,2021-08-18,127,N,VIIRS,n,2,291.64,8.42,N,0
38.11039,23.38971,349.65,0.7,0.75,2021-08-18,127,N,VIIRS,n,2,293.52,6.72,N,0
38.11077,23.38575,367,0.7,0.75,2021-08-18,127,N,VIIRS,h,2,294.63,13.25,N,0
38.11295,23.38164,345.62,0.7,0.75,2021-08-18,127,N,VIIRS,n,2,294.28,8.42,N,0
38.11332,23.37793,327.03,0.7,0.75,2021-08-18,127,N,VIIRS,n,2,293.36,13.25,N,0
38.11538,23.37403,316.88,0.7,0.75,2021-08-18,127,N,VIIRS,n,2,292.6,8.42,N,0
38.11577,23.37039,312.99,0.7,0.75,2021-08-18,127,N,VIIRS,n,2,292.21,6.32,N,0
38.12201,23.39798,306.21,0.7,0.75,2021-08-18,127,N,VIIRS,n,2,292.3,21.1,N,0
38.12316,23.41788,304,0.7,0.75,2021-08-18,127,N,VIIRS,n,2,291.34,5.6,N,0
38.12478,23.38942,367,0.7,0.75,2021-08-18,127,N,VIIRS,h,2,292.38,21.1,N,0
38.12596,23.40922,318.74,0.7,0.75,2021-08-18,127,N,VIIRS,n,2,291.98,5.6,N,0
38.12767,23.38049,348.31,0.7,0.75,2021-08-18,127,N,VIIRS,n,2,293.12,18.57,N,0
38.129,23.39982,349.6,0.7,0.75,2021-08-18,127,N,VIIRS,n,2,295.26,21.1,N,0
38.13059,23.37148,330.72,0.7,0.75,2021-08-18,127,N,VIIRS,n,2,292.48,18.57,N,0
38.13203,23.39047,367,0.7,0.75,2021-08-18,127,N,VIIRS,h,2,299.29,21.1,N,0
38.13293,23.41117,319.52,0.7,0.75,2021-08-18,127,N,VIIRS,n,2,292.39,17.2,N,0
38.1354,23.38006,322.9,0.7,0.75,2021-08-18,127,N,VIIRS,n,2,293,18.57,N,0
38.1362,23.40104,367,0.7,0.75,2021-08-18,127,N,VIIRS,h,2,295.19,244.07,N,0
38.14178,23.38379,339.24,0.7,0.75,2021-08-18,127,N,VIIRS,n,2,309.38,116.51,N,0
38.14429,23.376,367,0.7,0.75,2021-08-18,127,N,VIIRS,h,2,297.6,116.51,N,0
38.14515,23.3499,311.2,0.7,0.75,2021-08-18,127,N,VIIRS,n,2,291.45,2.61,N,0
38.14659,23.36889,341.82,0.7,0.75,2021-08-18,127,N,VIIRS,n,2,295.89,16.74,N,0
38.14751,23.38954,303.75,0.7,0.75,2021-08-18,127,N,VIIRS,n,2,291.74,116.51,N,0
38.14885,23.36189,322.8,0.7,0.75,2021-08-18,127,N,VIIRS,n,2,293.05,16.74,N,0
38.15102,23.3552,308.56,0.7,0.75,2021-08-18,127,N,VIIRS,n,2,291.3,4.32,N,0
39.35524,22.9834,304.86,0.62,0.71,2021-08-18,127,N,VIIRS,n,2,291.01,1.55,N,2
41.05332,20.34872,295.99,0.41,0.61,2021-08-18,127,N,VIIRS,n,2,285.88,0.61,N,0
41.14492,20.56581,297.62,0.42,0.61,2021-08-18,127,N,VIIRS,n,2,287.13,0.72,N,0
41.44075,21.94284,301.41,0.48,0.65,2021-08-18,127,N,VIIRS,n,2,289.04,2.09,N,2
41.44232,21.93758,330.99,0.48,0.65,2021-08-18,127,N,VIIRS,n,2,289.12,2.09,N,2
41.44802,21.94028,305.79,0.48,0.65,2021-08-18,127,N,VIIRS,n,2,288.01,1.01,N,2
38.07907,23.36262,348.13,0.45,0.39,2021-08-18,1109,N,VIIRS,n,2,310.79,7.44,D,0
38.07938,23.40453,330.63,0.45,0.39,2021-08-18,1109,N,VIIRS,l,2,303.93,5.61,D,0
38.07999,23.36758,347.07,0.45,0.39,2021-08-18,1109,N,VIIRS,n,2,308.19,7.44,D,0
38.08004,23.38797,340.27,0.45,0.39,2021-08-18,1109,N,VIIRS,n,2,306.12,4.06,D,0
38.08088,23.37242,335.97,0.45,0.39,2021-08-18,1109,N,VIIRS,n,2,304.68,4.72,D,0
38.08178,23.37729,333.2,0.45,0.39,2021-08-18,1109,N,VIIRS,l,2,304.17,4.72,D,0
38.08195,23.39834,336.53,0.45,0.39,2021-08-18,1109,N,VIIRS,n,2,304.93,6.51,D,0
38.08265,23.36193,336.84,0.45,0.39,2021-08-18,1109,N,VIIRS,n,2,305.73,7.44,D,0
38.08356,23.36685,340.81,0.45,0.39,2021-08-18,1109,N,VIIRS,n,2,307.08,7.44,D,0
38.08383,23.4085,345.16,0.45,0.39,2021-08-18,1109,N,VIIRS,n,2,304.56,5.61,D,0
38.08426,23.35048,337.48,0.45,0.39,2021-08-18,1109,N,VIIRS,n,2,305.96,6.08,D,0
38.08454,23.39218,342.41,0.45,0.39,2021-08-18,1109,N,VIIRS,n,2,306.59,5.86,D,0
38.08549,23.39739,333.35,0.45,0.39,2021-08-18,1109,N,VIIRS,l,2,306.65,5.86,D,0
38.08714,23.36612,345.76,0.45,0.39,2021-08-18,1109,N,VIIRS,n,2,306.48,5.12,D,0
38.08866,23.36334,347.62,0.45,0.39,2021-08-18,1109,N,VIIRS,n,2,306.44,11.37,D,0
38.08996,23.40149,338.93,0.45,0.39,2021-08-18,1109,N,VIIRS,n,2,305.85,20.43,D,0
38.0907,23.36525,333.63,0.45,0.39,2021-08-18,1109,N,VIIRS,n,2,303.38,5.12,D,0
38.09845,23.31655,343.94,0.45,0.39,2021-08-18,1109,N,VIIRS,n,2,311.1,14.53,D,0
38.10007,23.30542,341.99,0.45,0.39,2021-08-18,1109,N,VIIRS,n,2,311.62,7.82,D,0
38.10043,23.32706,344.67,0.45,0.39,2021-08-18,1109,N,VIIRS,n,2,309.38,29.48,D,0
38.101,23.31034,353.07,0.45,0.39,2021-08-18,1109,N,VIIRS,n,2,314.24,7.82,D,0
38.10142,23.33231,367,0.45,0.39,2021-08-18,1109,N,VIIRS,h,2,310.87,29.48,D,0
38.102,23.31563,339.22,0.45,0.39,2021-08-18,1109,N,VIIRS,l,2,311.83,14.53,D,0
38.10499,23.33148,367,0.45,0.39,2021-08-18,1109,N,VIIRS,l,2,327.41,29.48,D,0
38.1076,23.32554,337,0.45,0.39,2021-08-18,1109,N,VIIRS,l,2,308.29,38.06,D,0
38.13087,23.37032,340.35,0.45,0.39,2021-08-18,1109,N,VIIRS,n,2,303.62,7.36,D,0
38.13657,23.40083,342.1,0.45,0.39,2021-08-18,1109,N,VIIRS,n,2,311.44,80.2,D,0
38.15011,23.35389,367,0.45,0.39,2021-08-18,1109,N,VIIRS,l,2,325.86,108.54,D,0
38.15035,23.37515,367,0.45,0.39,2021-08-18,1109,N,VIIRS,h,2,333.81,275.45,D,0
38.15128,23.38015,367,0.45,0.39,2021-08-18,1109,N,VIIRS,h,2,357.05,275.45,D,0
38.15222,23.3852,367,0.45,0.39,2021-08-18,1109,N,VIIRS,h,2,315.5,71.77,D,0
38.15265,23.34756,335.1,0.45,0.39,2021-08-18,1109,N,VIIRS,n,2,300.77,37.03,D,0
39.25827,27.73676,341.26,0.39,0.36,2021-08-18,1109,N,VIIRS,n,2,314.08,2.79,D,0
39.30573,20.5473,332.17,0.56,0.43,2021-08-18,1109,N,VIIRS,n,2,307.1,3.27,D,0
40.23799,19.69181,333.75,0.39,0.44,2021-08-18,1109,N,VIIRS,n,2,305.42,1.22,D,0
40.28486,19.77127,340.39,0.39,0.44,2021-08-18,1109,N,VIIRS,n,2,303.09,3.92,D,0
40.33322,19.83954,336.03,0.39,0.44,2021-08-18,1109,N,VIIRS,n,2,305.79,3.12,D,0
40.44601,27.14133,340.02,0.39,0.36,2021-08-18,1109,N,VIIRS,n,2,309.8,5.62,D,3
40.48819,19.91218,349.59,0.57,0.43,2021-08-18,1109,N,VIIRS,n,2,305.98,10.87,D,0
40.4898,19.91054,347.86,0.57,0.43,2021-08-18,1109,N,VIIRS,n,2,308.03,14.79,D,0
40.49114,19.91677,338.98,0.57,0.43,2021-08-18,1109,N,VIIRS,n,2,302.31,14.79,D,0
40.49207,19.9107,348.55,0.57,0.43,2021-08-18,1109,N,VIIRS,n,2,305.49,10.87,D,0
40.49339,19.91706,330.82,0.57,0.43,2021-08-18,1109,N,VIIRS,l,2,301.52,9.82,D,0
40.8824,26.23038,336.48,0.38,0.36,2021-08-18,1109,N,VIIRS,n,2,303.51,3.11,D,0
41.0207,28.55564,339.7,0.41,0.37,2021-08-18,1109,N,VIIRS,n,2,308.64,3.87,D,2
40.9627,19.69961,332.56,0.57,0.43,2021-08-18,1110,N,VIIRS,n,2,302.56,2.7,D,0
41.04095,20.36587,343.76,0.53,0.42,2021-08-18,1110,N,VIIRS,n,2,300.83,8.58,D,0
41.05368,20.34926,334,0.53,0.42,2021-08-18,1110,N,VIIRS,n,2,304.6,4.39,D,0
41.05494,20.35529,344.85,0.53,0.42,2021-08-18,1110,N,VIIRS,n,2,303.26,7.99,D,0
41.44385,21.94207,336.59,0.46,0.39,2021-08-18,1110,N,VIIRS,l,2,308.19,34.57,D,2
41.44693,21.94363,333.68,0.46,0.39,2021-08-18,1110,N,VIIRS,n,2,300.46,23.06,D,2
41.44737,21.94091,347.05,0.46,0.39,2021-08-18,1110,N,VIIRS,n,2,300.25,9.85,D,2
41.01899,28.55631,311.17,0.48,0.48,2021-08-18,2327,N,VIIRS,n,2,293.06,1.96,N,2
41.02345,28.55693,304.87,0.48,0.48,2021-08-18,2327,N,VIIRS,n,2,293.23,1.16,N,2
41.44207,21.93914,333.29,0.53,0.67,2021-08-18,2327,N,VIIRS,n,2,286.12,5.52,N,2
41.44838,21.9397,343.71,0.53,0.67,2021-08-18,2327,N,VIIRS,n,2,285.45,3.72,N,2
41.44854,21.93265,299.97,0.53,0.67,2021-08-18,2327,N,VIIRS,n,2,284.71,3.72,N,2
38.03491,23.60206,306.08,0.41,0.61,2021-08-18,2328,N,VIIRS,n,2,294.31,1.08,N,0
38.0745,23.37563,302.7,0.42,0.61,2021-08-18,2328,N,VIIRS,n,2,291.04,0.59,N,0
38.07492,23.36698,310.71,0.43,0.62,2021-08-18,2328,N,VIIRS,n,2,291.69,1.68,N,0
38.07911,23.39949,305.41,0.42,0.61,2021-08-18,2328,N,VIIRS,n,2,292.36,0.83,N,0
38.07937,23.3941,305.68,0.42,0.61,2021-08-18,2328,N,VIIRS,n,2,292.05,0.83,N,0
38.08024,23.37615,319.37,0.42,0.61,2021-08-18,2328,N,VIIRS,n,2,293.18,2.02,N,0
38.08064,23.36811,309.44,0.43,0.62,2021-08-18,2328,N,VIIRS,n,2,292.69,2.54,N,0
38.08106,23.35919,302.17,0.43,0.62,2021-08-18,2328,N,VIIRS,n,2,291.26,1.24,N,0
38.08134,23.35339,309.74,0.43,0.62,2021-08-18,2328,N,VIIRS,n,2,292.56,2.68,N,0
38.08191,23.34152,337.16,0.43,0.62,2021-08-18,2328,N,VIIRS,n,2,292.76,4.71,N,0
38.08345,23.30919,309.77,0.43,0.62,2021-08-18,2328,N,VIIRS,n,2,292.86,1.26,N,0
38.08415,23.41423,323.03,0.42,0.61,2021-08-18,2328,N,VIIRS,n,2,294.14,2.49,N,0
38.08435,23.40994,306.67,0.42,0.61,2021-08-18,2328,N,VIIRS,n,2,292.75,3.11,N,0
38.08887,23.31696,309.05,0.43,0.62,2021-08-18,2328,N,VIIRS,n,2,291.71,2.67,N,0
38.08909,23.31234,305.9,0.43,0.62,2021-08-18,2328,N,VIIRS,n,2,291.72,1.26,N,0
38.0899,23.41433,310.89,0.42,0.61,2021-08-18,2328,N,VIIRS,n,2,292.3,2.9,N,0
38.09011,23.41003,337.13,0.42,0.61,2021-08-18,2328,N,VIIRS,n,2,292.72,3.04,N,0
38.0938,23.33457,301.77,0.43,0.62,2021-08-18,2328,N,VIIRS,n,2,290.2,16,N,0
38.09407,23.32906,367,0.43,0.62,2021-08-18,2328,N,VIIRS,h,2,295.56,16,N,0
38.09431,23.32404,367,0.43,0.62,2021-08-18,2328,N,VIIRS,h,2,295,13.47,N,0
38.09456,23.3189,346.03,0.43,0.62,2021-08-18,2328,N,VIIRS,n,2,294.58,13.47,N,0
38.09586,23.41007,322.93,0.42,0.61,2021-08-18,2328,N,VIIRS,n,2,293.26,3.04,N,0
38.09606,23.40595,319.3,0.42,0.61,2021-08-18,2328,N,VIIRS,n,2,292.46,3.04,N,0
38.09974,23.33123,367,0.43,0.62,2021-08-18,2328,N,VIIRS,h,2,302.98,16,N,0
38.09999,23.32619,341.37,0.43,0.62,2021-08-18,2328,N,VIIRS,n,2,294.05,13.47,N,0
38.10023,23.32133,302.44,0.43,0.62,2021-08-18,2328,N,VIIRS,n,2,291.24,13.47,N,0
38.10183,23.4058,303.43,0.42,0.61,2021-08-18,2328,N,VIIRS,n,2,291.54,1.02,N,0
38.1145,23.38287,303.04,0.42,0.61,2021-08-18,2328,N,VIIRS,n,2,291.32,1.25,N,0
38.11494,23.38284,306.74,0.42,0.61,2021-08-18,2328,N,VIIRS,n,2,291.9,1.29,N,0
38.12035,23.38122,306.11,0.42,0.61,2021-08-18,2328,N,VIIRS,n,2,292.16,1.25,N,0
38.12077,23.38138,306.99,0.42,0.61,2021-08-18,2328,N,VIIRS,n,2,292.16,1.29,N,0
38.12583,23.38663,316.18,0.42,0.61,2021-08-18,2328,N,VIIRS,n,2,292.17,1.67,N,0
38.12629,23.38688,313.77,0.42,0.61,2021-08-18,2328,N,VIIRS,n,2,292.07,1.62,N,0
38.13036,23.52132,302.25,0.42,0.61,2021-08-18,2328,N,VIIRS,n,2,291.56,0.96,N,0
38.13157,23.52194,304.35,0.42,0.61,2021-08-18,2328,N,VIIRS,n,2,292.08,0.76,N,2
38.14223,23.40398,367,0.42,0.61,2021-08-18,2328,N,VIIRS,h,2,295.62,11.92,N,0
38.14247,23.39938,316.38,0.42,0.61,2021-08-18,2328,N,VIIRS,n,2,292.39,11.92,N,0
38.14279,23.40411,367,0.42,0.61,2021-08-18,2328,N,VIIRS,h,2,296.23,20.01,N,0
38.14301,23.3995,327.9,0.42,0.61,2021-08-18,2328,N,VIIRS,n,2,292.56,16.17,N,0
38.14855,23.40407,356.34,0.42,0.61,2021-08-18,2328,N,VIIRS,n,2,295.11,10.28,N,0
38.14877,23.39948,309.55,0.42,0.61,2021-08-18,2328,N,VIIRS,n,2,292.07,11.55,N,0
38.1545,23.39996,367,0.42,0.61,2021-08-18,2328,N,VIIRS,h,2,294.79,11.55,N,0
38.15472,23.39533,367,0.42,0.61,2021-08-18,2328,N,VIIRS,h,2,295.12,11.55,N,0
38.15496,23.39012,305.53,0.42,0.61,2021-08-18,2328,N,VIIRS,n,2,291.99,8.19,N,0
38.16031,23.39908,338.39,0.42,0.61,2021-08-18,2328,N,VIIRS,n,2,292.02,9.72,N,0
38.16054,23.39402,367,0.42,0.61,2021-08-18,2328,N,VIIRS,h,2,295.92,9.72,N,0
38.16078,23.38892,310.59,0.42,0.61,2021-08-18,2328,N,VIIRS,n,2,291.25,4.54,N,0
38.16677,23.38406,324.59,0.42,0.61,2021-08-18,2328,N,VIIRS,n,2,290.48,4.54,N,0
38.167,23.37932,312.87,0.42,0.61,2021-08-18,2328,N,VIIRS,n,2,290.63,3.44,N,0
38.4281,27.21388,313.42,0.53,0.5,2021-08-18,2328,N,VIIRS,n,2,296.56,1.86,N,2
38.56517,23.29346,305.54,0.43,0.62,2021-08-18,2328,N,VIIRS,n,2,292.67,0.79,N,2
38.56583,23.29371,307.29,0.43,0.62,2021-08-18,2328,N,VIIRS,n,2,292.76,1.21,N,2
38.73648,26.94298,310.25,0.55,0.51,2021-08-18,2328,N,VIIRS,n,2,298.11,3.32,N,2
38.73658,26.94374,310.83,0.55,0.51,2021-08-18,2328,N,VIIRS,n,2,297.88,2.82,N,2
38.75502,26.95168,312.57,0.55,0.51,2021-08-18,2328,N,VIIRS,n,2,294.13,1.43,N,2
38.75507,26.95238,313.4,0.55,0.51,2021-08-18,2328,N,VIIRS,n,2,294.35,1,N,2
39.2573,27.73663,300.34,0.51,0.49,2021-08-18,2328,N,VIIRS,n,2,290.11,0.57,N,0
39.86491,26.23969,302.32,0.62,0.54,2021-08-18,2328,N,VIIRS,n,2,291.52,1.45,N,2
36.47672,22.45831,323.92,0.46,0.64,2021-08-18,2329,N,VIIRS,n,2,293.73,2.68,N,0
36.47705,22.45142,304.05,0.46,0.64,2021-08-18,2329,N,VIIRS,n,2,293.42,2.64,N,0
38.73771,26.94116,306.43,0.59,0.7,2021-08-19,108,N,VIIRS,n,2,292.88,1.88,N,2
38.74171,26.95107,307.72,0.59,0.7,2021-08-19,108,N,VIIRS,n,2,292.53,1.88,N,2
38.75587,26.95094,305.76,0.59,0.7,2021-08-19,108,N,VIIRS,n,2,291.88,1.23,N,2
38.75689,26.95039,303.69,0.59,0.7,2021-08-19,108,N,VIIRS,n,2,291.76,1.12,N,2
39.25737,27.73327,302.31,0.62,0.71,2021-08-19,108,N,VIIRS,n,2,288.41,1.09,N,0
39.35496,22.98588,305.85,0.36,0.57,2021-08-19,108,N,VIIRS,n,2,289.74,1.2,N,2
39.35671,22.98413,309.05,0.36,0.57,2021-08-19,108,N,VIIRS,n,2,289.76,0.67,N,2
40.28484,23.44271,305.7,0.36,0.57,2021-08-19,108,N,VIIRS,n,2,289.75,0.68,N,2
41.01868,28.55205,311.65,0.6,0.71,2021-08-19,108,N,VIIRS,n,2,288.39,2.12,N,2
41.01932,28.55061,307.82,0.6,0.71,2021-08-19,108,N,VIIRS,n,2,288.34,2.22,N,2
41.43716,21.9453,303.16,0.56,0.52,2021-08-19,108,N,VIIRS,n,2,287.83,1.05,N,2
41.44338,21.94084,338.03,0.56,0.52,2021-08-19,108,N,VIIRS,n,2,289.61,5.43,N,2
41.44498,21.93454,303.76,0.56,0.52,2021-08-19,108,N,VIIRS,n,2,286.18,5.43,N,2
36.46836,22.46838,367,0.4,0.6,2021-08-19,109,N,VIIRS,h,2,294,7.91,N,0
36.46838,22.46882,367,0.4,0.6,2021-08-19,109,N,VIIRS,h,2,295.42,9.67,N,0
36.47388,22.4704,367,0.4,0.6,2021-08-19,109,N,VIIRS,h,2,295.86,6.65,N,0
36.47389,22.46987,367,0.4,0.6,2021-08-19,109,N,VIIRS,h,2,296.49,7.91,N,0
36.4752,22.46502,307.59,0.4,0.6,2021-08-19,109,N,VIIRS,n,2,293.64,6.25,N,0
36.4764,22.46086,320.14,0.4,0.6,2021-08-19,109,N,VIIRS,n,2,294.5,6.28,N,0
36.47645,22.46042,316.55,0.4,0.6,2021-08-19,109,N,VIIRS,n,2,294.56,6.25,N,0
36.47753,22.4566,318.21,0.4,0.6,2021-08-19,109,N,VIIRS,n,2,293.64,2.72,N,0
36.4776,22.45621,320.57,0.4,0.6,2021-08-19,109,N,VIIRS,n,2,294.02,3.01,N,0
38.07615,23.40754,341.53,0.41,0.61,2021-08-19,109,N,VIIRS,n,2,294.76,3.61,N,0
38.07748,23.40269,335.83,0.41,0.6,2021-08-19,109,N,VIIRS,n,2,294.96,4.34,N,0
38.0775,23.35894,320.07,0.41,0.6,2021-08-19,109,N,VIIRS,n,2,292.75,1.89,N,0
38.07861,23.35488,312.03,0.41,0.6,2021-08-19,109,N,VIIRS,n,2,292.6,1.89,N,0
38.07868,23.37645,307,0.41,0.6,2021-08-19,109,N,VIIRS,n,2,292.65,1.63,N,0
38.07869,23.39826,306.33,0.41,0.6,2021-08-19,109,N,VIIRS,n,2,292.61,4.34,N,0
38.07988,23.39392,311.48,0.41,0.6,2021-08-19,109,N,VIIRS,n,2,292.17,1.99,N,0
38.08023,23.41454,334.76,0.41,0.61,2021-08-19,109,N,VIIRS,n,2,294.35,3.61,N,0
38.081,23.34616,327.43,0.41,0.6,2021-08-19,109,N,VIIRS,n,2,293.5,7.42,N,0
38.08168,23.40919,307.77,0.41,0.61,2021-08-19,109,N,VIIRS,n,2,292.45,3.61,N,0
38.08212,23.34209,351.59,0.41,0.6,2021-08-19,109,N,VIIRS,n,2,294.03,9.78,N,0
38.08542,23.41745,313.15,0.41,0.61,2021-08-19,109,N,VIIRS,n,2,293.02,51.56,N,0
38.08684,23.41223,354.11,0.41,0.61,2021-08-19,109,N,VIIRS,n,2,294.59,51.56,N,0
38.08825,23.40708,348.77,0.41,0.6,2021-08-19,109,N,VIIRS,n,2,292.73,56.77,N,0
38.08903,23.33861,309.08,0.41,0.6,2021-08-19,109,N,VIIRS,n,2,291.64,9.78,N,0
38.08927,23.4253,303.82,0.41,0.61,2021-08-19,109,N,VIIRS,n,2,291.91,6.13,N,0
38.08963,23.402,304.45,0.41,0.6,2021-08-19,109,N,VIIRS,n,2,291.77,56.77,N,0
38.09016,23.33447,330.82,0.4,0.6,2021-08-19,109,N,VIIRS,n,2,300.96,55.24,N,0
38.0906,23.4204,317.39,0.41,0.61,2021-08-19,109,N,VIIRS,n,2,292.6,51.56,N,0
38.09132,23.33022,367,0.4,0.6,2021-08-19,109,N,VIIRS,h,2,305.86,55.24,N,0
38.09255,23.32573,367,0.4,0.6,2021-08-19,109,N,VIIRS,h,2,295.92,14.83,N,0
38.09336,23.41026,331.03,0.41,0.6,2021-08-19,109,N,VIIRS,n,2,322.24,56.77,N,0
38.09384,23.321,309.22,0.4,0.6,2021-08-19,109,N,VIIRS,n,2,292.45,14.83,N,0
38.09484,23.40484,353.17,0.41,0.6,2021-08-19,109,N,VIIRS,n,2,294.04,56.77,N,0
38.09581,23.33559,367,0.4,0.6,2021-08-19,109,N,VIIRS,h,2,296,7.59,N,0
38.09698,23.3313,331.57,0.4,0.6,2021-08-19,109,N,VIIRS,n,2,294.86,7.59,N,0
38.09712,23.41846,303.89,0.41,0.61,2021-08-19,109,N,VIIRS,n,2,291.84,1.92,N,0
38.09826,23.32664,344.85,0.4,0.6,2021-08-19,109,N,VIIRS,n,2,295.67,4.11,N,0
38.09847,23.41346,330.91,0.41,0.6,2021-08-19,109,N,VIIRS,n,2,293.41,2.43,N,0
38.09961,23.32169,303.91,0.4,0.6,2021-08-19,109,N,VIIRS,n,2,291.54,4.11,N,0
38.0999,23.40825,313.24,0.41,0.6,2021-08-19,109,N,VIIRS,n,2,292.77,2.43,N,0
38.11303,23.38191,303.31,0.41,0.6,2021-08-19,109,N,VIIRS,n,2,290.9,1.23,N,0
38.11535,23.38868,325.73,0.41,0.6,2021-08-19,109,N,VIIRS,n,2,292.61,4.22,N,0
38.11657,23.38429,344.78,0.41,0.6,2021-08-19,109,N,VIIRS,n,2,294.1,4.22,N,0
38.11659,23.39079,307.79,0.41,0.6,2021-08-19,109,N,VIIRS,n,2,292.18,2.71,N,0
38.11777,23.38641,348.53,0.41,0.6,2021-08-19,109,N,VIIRS,n,2,294.28,2.71,N,0
38.11898,23.382,309.48,0.41,0.6,2021-08-19,109,N,VIIRS,n,2,291.88,2.91,N,0
38.12148,23.38814,310.41,0.41,0.6,2021-08-19,109,N,VIIRS,n,2,290.86,1.31,N,0
38.12281,23.38336,313.95,0.41,0.6,2021-08-19,109,N,VIIRS,n,2,291.39,3.14,N,0
38.12284,23.38978,311.64,0.41,0.6,2021-08-19,109,N,VIIRS,n,2,291.18,2.71,N,0
38.12416,23.38488,315.4,0.41,0.6,2021-08-19,109,N,VIIRS,n,2,292.06,2.91,N,0
38.12695,23.38997,306.77,0.41,0.6,2021-08-19,109,N,VIIRS,n,2,292.11,1.31,N,0
38.12717,23.4324,303.59,0.41,0.6,2021-08-19,109,N,VIIRS,n,2,290.63,1.89,N,0
38.12846,23.42772,308.7,0.41,0.6,2021-08-19,109,N,VIIRS,n,2,291.39,4.02,N,0
38.12979,23.42294,315.3,0.41,0.6,2021-08-19,109,N,VIIRS,n,2,291.93,4.02,N,0
38.12993,23.40769,305.78,0.41,0.6,2021-08-19,109,N,VIIRS,n,2,291.53,2.26,N,0
38.13116,23.41798,327.83,0.41,0.6,2021-08-19,109,N,VIIRS,n,2,292.38,44.38,N,0
38.13257,23.41287,338.19,0.41,0.6,2021-08-19,109,N,VIIRS,n,2,294.09,44.38,N,0
38.13257,23.43453,303.85,0.41,0.6,2021-08-19,109,N,VIIRS,n,2,291.04,2.65,N,0
38.13391,23.4297,310.8,0.41,0.6,2021-08-19,109,N,VIIRS,n,2,291.19,1.59,N,0
38.13404,23.40758,346.01,0.41,0.6,2021-08-19,109,N,VIIRS,n,2,303,85.45,N,0
38.13528,23.42476,322.42,0.41,0.6,2021-08-19,109,N,VIIRS,n,2,292.54,1.59,N,0
38.13551,23.40227,367,0.41,0.6,2021-08-19,109,N,VIIRS,h,2,292.67,85.45,N,0
38.13665,23.41979,343.16,0.41,0.6,2021-08-19,109,N,VIIRS,n,2,294.76,60.08,N,0
38.13692,23.39717,311.72,0.41,0.6,2021-08-19,109,N,VIIRS,n,2,291.34,9.45,N,0
38.13924,23.43207,303.77,0.41,0.6,2021-08-19,109,N,VIIRS,n,2,289.86,1.59,N,0
38.14051,23.42748,308.65,0.41,0.6,2021-08-19,109,N,VIIRS,n,2,290.07,1.59,N,0
38.14074,23.405,344.18,0.41,0.6,2021-08-19,109,N,VIIRS,n,2,334.9,220.86,N,0
38.14181,23.42279,315.14,0.41,0.6,2021-08-19,109,N,VIIRS,n,2,290.92,60.08,N,0
38.14202,23.40036,351.14,0.41,0.6,2021-08-19,109,N,VIIRS,n,2,296.27,30.67,N,0
38.14313,23.41801,327.91,0.41,0.6,2021-08-19,109,N,VIIRS,n,2,291.49,60.08,N,0
38.1433,23.39574,309.44,0.41,0.6,2021-08-19,109,N,VIIRS,n,2,291.93,30.67,N,0
38.14448,23.41311,354.05,0.41,0.6,2021-08-19,109,N,VIIRS,n,2,301.01,220.86,N,0
38.1458,23.40834,367,0.41,0.6,2021-08-19,109,N,VIIRS,h,2,305.12,220.86,N,0
38.14696,23.42581,301.67,0.41,0.6,2021-08-19,109,N,VIIRS,n,2,289.34,1.99,N,0
38.1471,23.40362,338.31,0.41,0.6,2021-08-19,109,N,VIIRS,n,2,295.43,30.67,N,0
38.14832,23.42091,308.14,0.41,0.6,2021-08-19,109,N,VIIRS,n,2,290.02,1.99,N,0
38.14843,23.39878,313.08,0.41,0.6,2021-08-19,109,N,VIIRS,n,2,292.25,30.67,N,0
38.1497,23.41586,314.77,0.41,0.6,2021-08-19,109,N,VIIRS,n,2,291.25,10.3,N,0
38.14977,23.39393,305.84,0.41,0.6,2021-08-19,109,N,VIIRS,n,2,291.78,3.79,N,0
38.15107,23.4109,336.82,0.41,0.6,2021-08-19,109,N,VIIRS,n,2,293.4,10.3,N,0
38.1524,23.40606,337.3,0.41,0.6,2021-08-19,109,N,VIIRS,n,2,311.5,42.89,N,0
38.15374,23.40121,367,0.41,0.6,2021-08-19,109,N,VIIRS,h,2,311.79,42.89,N,0
38.15504,23.39649,341.27,0.41,0.6,2021-08-19,109,N,VIIRS,n,2,295.16,12.74,N,0
38.15618,23.39236,325.46,0.41,0.6,2021-08-19,109,N,VIIRS,n,2,293.63,12.74,N,0
38.15628,23.41368,306.3,0.41,0.6,2021-08-19,109,N,VIIRS,n,2,291.82,10.3,N,0
38.1573,23.38832,333.81,0.41,0.6,2021-08-19,109,N,VIIRS,n,2,292.94,5.51,N,0
38.15755,23.40908,347.53,0.41,0.6,2021-08-19,109,N,VIIRS,n,2,294.62,42.89,N,0
38.15843,23.3842,304.66,0.41,0.6,2021-08-19,109,N,VIIRS,n,2,291.49,5.51,N,0
38.15879,23.40458,367,0.41,0.6,2021-08-19,109,N,VIIRS,h,2,296.84,42.89,N,0
38.15999,23.40023,316.11,0.41,0.6,2021-08-19,109,N,VIIRS,n,2,293.56,12.74,N,0
38.16114,23.39603,321.31,0.41,0.6,2021-08-19,109,N,VIIRS,n,2,293.04,12.74,N,0
38.1623,23.39185,335.88,0.41,0.6,2021-08-19,109,N,VIIRS,n,2,292.76,5.51,N,0
38.16351,23.38745,344.81,0.41,0.6,2021-08-19,109,N,VIIRS,n,2,292.28,5.51,N,0
38.16479,23.3828,367,0.4,0.6,2021-08-19,109,N,VIIRS,h,2,296.89,22.67,N,0
38.17134,23.35894,302.89,0.4,0.6,2021-08-19,109,N,VIIRS,n,2,292.08,0.95,N,0
38.37475,24.06191,306.09,0.43,0.62,2021-08-19,109,N,VIIRS,n,2,293.01,1.1,N,2
38.06361,23.3705,337.47,0.5,0.49,2021-08-19,1050,N,VIIRS,n,2,291.58,2.97,D,0
38.06739,23.3869,338.53,0.49,0.49,2021-08-19,1050,N,VIIRS,n,2,295.45,28.68,D,0
38.06853,23.39183,349.3,0.49,0.49,2021-08-19,1050,N,VIIRS,n,2,302.73,28.68,D,0
38.06964,23.39665,336.89,0.49,0.49,2021-08-19,1050,N,VIIRS,n,2,298.48,11.27,D,0
38.07081,23.40173,367,0.49,0.49,2021-08-19,1050,N,VIIRS,h,2,299.9,11.27,D,0
38.07206,23.40716,333.62,0.49,0.49,2021-08-19,1050,N,VIIRS,n,2,295.74,8.91,D,0
38.07403,23.39518,351.7,0.49,0.49,2021-08-19,1050,N,VIIRS,n,2,302.49,11.89,D,0
38.07531,23.40074,342.55,0.49,0.49,2021-08-19,1050,N,VIIRS,n,2,296.53,11.89,D,0
38.08204,23.3269,336.56,0.5,0.49,2021-08-19,1050,N,VIIRS,n,2,289.82,3.95,D,0
38.08656,23.32595,355.12,0.5,0.49,2021-08-19,1050,N,VIIRS,n,2,301.95,13.36,D,0
38.09109,23.32504,345.77,0.5,0.49,2021-08-19,1050,N,VIIRS,n,2,298.66,13.36,D,0
38.09207,23.32378,340.57,0.5,0.49,2021-08-19,1050,N,VIIRS,n,2,296.01,4.55,D,0
38.09246,23.331,338.2,0.5,0.49,2021-08-19,1050,N,VIIRS,n,2,296.19,17.18,D,0
38.09345,23.32967,339,0.5,0.49,2021-08-19,1050,N,VIIRS,n,2,292.57,4.55,D,0
38.10152,24.5618,346.18,0.43,0.46,2021-08-19,1050,N,VIIRS,n,2,302.62,8.47,D,0
40.44584,27.14127,341.79,0.46,0.39,2021-08-19,1050,N,VIIRS,n,2,302.53,7.38,D,3
40.28464,19.76752,355.27,0.33,0.55,2021-08-19,1051,N,VIIRS,n,2,298.75,9.74,D,0
40.2857,19.77156,367,0.33,0.55,2021-08-19,1051,N,VIIRS,h,2,299.27,9.74,D,0
40.79575,19.53612,347.26,0.33,0.55,2021-08-19,1051,N,VIIRS,n,2,301.67,6.26,D,0
40.80064,19.5339,367,0.33,0.55,2021-08-19,1051,N,VIIRS,h,2,303.47,6.26,D,0
38.06776,23.36955,331.22,0.72,0.75,2021-08-19,1231,N,VIIRS,n,2,288.82,11.84,D,0
41.04181,19.70542,346.05,0.48,0.64,2021-08-19,1231,N,VIIRS,n,2,303.66,4.07,D,0
41.04257,19.70477,341.37,0.48,0.64,2021-08-19,1231,N,VIIRS,n,2,303.08,5.8,D,0
41.01984,28.55681,308.33,0.42,0.61,2021-08-19,2308,N,VIIRS,n,2,291.23,0.92,N,2
41.0199,28.55643,306.74,0.42,0.61,2021-08-19,2308,N,VIIRS,n,2,290.91,0.72,N,2
41.02009,28.55145,302.42,0.42,0.61,2021-08-19,2308,N,VIIRS,n,2,290.31,0.72,N,2
37.81426,24.04547,317.77,0.7,0.75,2021-08-19,2309,N,VIIRS,n,2,288.95,3.2,N,0
37.81829,24.04489,335.53,0.7,0.75,2021-08-19,2309,N,VIIRS,n,2,289.29,5.04,N,0
37.82133,24.04438,323.92,0.7,0.75,2021-08-19,2309,N,VIIRS,n,2,289.23,3.2,N,0
38.07298,23.34665,305.11,0.77,0.77,2021-08-19,2309,N,VIIRS,n,2,285.69,2.45,N,0
38.07305,23.33676,314.83,0.77,0.77,2021-08-19,2309,N,VIIRS,n,2,286.25,2.45,N,0
38.42713,27.2175,309.34,0.48,0.65,2021-08-19,2309,N,VIIRS,n,2,293.82,1.05,N,2
38.73777,26.94427,307.53,0.5,0.66,2021-08-19,2309,N,VIIRS,n,2,294.07,1.62,N,2
38.7437,26.95046,304.63,0.5,0.66,2021-08-19,2309,N,VIIRS,n,2,292.64,1.38,N,2
38.74391,26.94476,307.57,0.5,0.66,2021-08-19,2309,N,VIIRS,n,2,292.34,1.38,N,2
38.75598,26.95109,306.62,0.5,0.66,2021-08-19,2309,N,VIIRS,n,2,293.08,0.79,N,2
38.80539,26.93085,304.01,0.5,0.66,2021-08-19,2309,N,VIIRS,n,2,291.68,1.74,N,0
39.86338,26.24239,303.68,0.55,0.68,2021-08-19,2309,N,VIIRS,n,2,289.02,0.68,N,2
39.86482,26.24138,304.36,0.55,0.68,2021-08-19,2309,N,VIIRS,n,2,289.86,1.4,N,2
39.25695,27.73432,306.94,0.36,0.57,2021-08-20,49,N,VIIRS,n,2,288.94,1.21,N,0
39.86491,26.24442,304.7,0.59,0.53,2021-08-20,49,N,VIIRS,n,2,291.19,1.13,N,2
40.2836,23.44607,306.95,0.42,0.45,2021-08-20,49,N,VIIRS,n,2,291.21,0.35,N,2
40.44527,27.14115,315.34,0.63,0.54,2021-08-20,49,N,VIIRS,n,2,291.65,3.62,N,2
41.019,28.55749,303.89,0.36,0.57,2021-08-20,49,N,VIIRS,n,2,290.96,0.8,N,2
41.02015,28.55334,309.53,0.36,0.57,2021-08-20,49,N,VIIRS,n,2,291.02,0.8,N,2
41.02016,28.55542,321.2,0.36,0.57,2021-08-20,49,N,VIIRS,n,2,292.32,1.35,N,2
41.43848,21.94462,305.4,0.51,0.41,2021-08-20,49,N,VIIRS,n,2,290.05,1.3,N,2
41.44341,21.93999,345.74,0.51,0.41,2021-08-20,49,N,VIIRS,n,2,294.93,22.38,N,2
41.44712,21.94129,307.2,0.51,0.41,2021-08-20,49,N,VIIRS,n,2,288.2,1.06,N,2
37.81549,24.04119,306.03,0.51,0.49,2021-08-20,50,N,VIIRS,n,2,291.27,0.86,N,0
37.81975,24.04347,307.25,0.51,0.49,2021-08-20,50,N,VIIRS,n,2,291.88,0.86,N,0
38.06665,23.36231,306.83,0.46,0.47,2021-08-20,50,N,VIIRS,n,2,290.57,3.25,N,0
38.06677,23.34152,339.34,0.46,0.47,2021-08-20,50,N,VIIRS,n,2,290.74,10.32,N,0
38.06771,23.35761,349.86,0.46,0.47,2021-08-20,50,N,VIIRS,n,2,298.44,35.57,N,0
38.06794,23.33631,307.9,0.46,0.47,2021-08-20,50,N,VIIRS,n,2,290.01,7.79,N,0
38.06822,23.35902,337.61,0.46,0.47,2021-08-20,50,N,VIIRS,n,2,300.91,19.4,N,0
38.06867,23.37371,328.88,0.46,0.47,2021-08-20,50,N,VIIRS,n,2,290.11,2.16,N,0
38.06879,23.35287,341.89,0.46,0.47,2021-08-20,50,N,VIIRS,n,2,305.77,35.57,N,0
38.06901,23.37544,318.34,0.46,0.47,2021-08-20,50,N,VIIRS,n,2,289.59,2.07,N,0
38.0693,23.35437,340.89,0.46,0.47,2021-08-20,50,N,VIIRS,n,2,308.68,27.36,N,0
38.06991,23.34789,314.72,0.46,0.47,2021-08-20,50,N,VIIRS,n,2,290.96,8.98,N,0
38.07027,23.37001,304.33,0.46,0.47,2021-08-20,50,N,VIIRS,n,2,289.05,2.07,N,0
38.07043,23.34949,321.73,0.46,0.47,2021-08-20,50,N,VIIRS,n,2,291.38,27.36,N,0
38.07109,23.34263,340.39,0.46,0.47,2021-08-20,50,N,VIIRS,n,2,296.73,8.98,N,0
38.07162,23.34433,334.95,0.46,0.47,2021-08-20,50,N,VIIRS,n,2,291.97,3.49,N,0
38.07213,23.35834,338.6,0.46,0.47,2021-08-20,50,N,VIIRS,n,2,294.15,35.57,N,0
38.07228,23.33738,309.36,0.46,0.47,2021-08-20,50,N,VIIRS,n,2,289.78,6.68,N,0
38.07265,23.35973,314.65,0.46,0.47,2021-08-20,50,N,VIIRS,n,2,290.71,19.4,N,0
38.07285,23.33904,331.71,0.46,0.47,2021-08-20,50,N,VIIRS,n,2,291.16,3.49,N,0
38.0732,23.35364,341.99,0.46,0.47,2021-08-20,50,N,VIIRS,n,2,294.3,35.57,N,0
38.07372,23.35511,325.44,0.46,0.47,2021-08-20,50,N,VIIRS,n,2,292.16,27.36,N,0
38.07432,23.34864,325.05,0.46,0.47,2021-08-20,50,N,VIIRS,n,2,291.55,8.98,N,0
38.07487,23.35018,327.85,0.46,0.47,2021-08-20,50,N,VIIRS,n,2,291.44,27.36,N,0
38.07604,23.34509,303.19,0.46,0.47,2021-08-20,50,N,VIIRS,n,2,290.03,3.49,N,0
38.0766,23.33852,322.68,0.46,0.47,2021-08-20,50,N,VIIRS,n,2,290.68,6.68,N,0
38.07719,23.34011,325.01,0.46,0.47,2021-08-20,50,N,VIIRS,n,2,290.91,3.49,N,0
38.2504,28.32494,312.42,0.41,0.61,2021-08-20,50,N,VIIRS,n,2,290.14,1.29,N,0
38.42437,27.21581,306.78,0.36,0.57,2021-08-20,50,N,VIIRS,n,2,293.38,0.53,N,0
38.45646,27.26309,305.19,0.36,0.57,2021-08-20,50,N,VIIRS,n,2,293.6,0.52,N,2
38.73594,26.94444,314.46,0.34,0.56,2021-08-20,50,N,VIIRS,n,2,295.4,1.32,N,2
38.7399,26.95045,303.51,0.34,0.56,2021-08-20,50,N,VIIRS,n,2,293.49,1.06,N,2
38.74091,26.94657,307.72,0.34,0.56,2021-08-20,50,N,VIIRS,n,2,294.28,1.32,N,2
38.74586,26.94871,320.5,0.34,0.56,2021-08-20,50,N,VIIRS,n,2,293.38,1.85,N,2
38.75267,26.95245,314.17,0.34,0.56,2021-08-20,50,N,VIIRS,n,2,293.87,1.69,N,2
38.75572,26.9532,311.18,0.34,0.56,2021-08-20,50,N,VIIRS,n,2,293.54,1.01,N,2
38.80629,26.93729,306.55,0.34,0.56,2021-08-20,50,N,VIIRS,n,2,293.32,0.8,N,0
40.13103,19.72823,329.83,0.44,0.39,2021-08-20,50,N,VIIRS,n,2,296.18,4.31,N,0
40.28272,19.77618,306.82,0.44,0.39,2021-08-20,50,N,VIIRS,n,2,288.5,0.57,N,0
40.28728,19.77167,302.91,0.44,0.39,2021-08-20,50,N,VIIRS,n,2,287.69,0.57,N,0
40.12469,19.72436,342.82,0.57,0.69,2021-08-20,1032,N,VIIRS,n,2,298.71,7.91,D,0
40.27636,19.76143,367,0.57,0.69,2021-08-20,1032,N,VIIRS,h,2,303.35,29.36,D,0
40.27763,19.75761,367,0.57,0.69,2021-08-20,1032,N,VIIRS,h,2,301.79,28.95,D,0
40.28024,19.77411,367,0.57,0.69,2021-08-20,1032,N,VIIRS,h,2,302.53,44.49,D,0
40.28198,19.77153,367,0.57,0.69,2021-08-20,1032,N,VIIRS,h,2,303.19,28.95,D,0
40.28315,19.77527,349.2,0.57,0.69,2021-08-20,1032,N,VIIRS,n,2,295.8,26.06,D,0
40.44436,27.14043,343.39,0.49,0.48,2021-08-20,1032,N,VIIRS,n,2,305.98,5.55,D,2
40.84361,20.49067,344.78,0.51,0.66,2021-08-20,1032,N,VIIRS,n,2,295.43,6.66,D,0
41.44513,21.93875,338.94,0.41,0.61,2021-08-20,1032,N,VIIRS,n,2,299.17,5.14,D,2
40.84318,20.49099,355.62,0.59,0.53,2021-08-20,1212,N,VIIRS,n,2,305.93,25.64,D,0
41.44584,21.94099,338.94,0.35,0.57,2021-08-20,1213,N,VIIRS,n,2,300.02,5.31,D,2
41.47423,19.77501,335.14,0.55,0.51,2021-08-20,1213,N,VIIRS,n,2,300.75,5.26,D,0
41.02078,28.55525,299.76,0.75,0.77,2021-08-20,2249,N,VIIRS,n,2,289.63,1.31,N,2